Id,player_rating
M00001_P00055,5.959472
M00001_P00057,1.0
M00001_P00059,6.2477345
M00001_P00064,1.0
M00001_P00066,7.27242
M00001_P00071,6.114586
M00001_P00077,1.0
M00001_P01223,1.0
M00001_P01234,1.0
M00001_P01236,1.0
M00001_P01241,6.1692038
M00001_P01242,1.0
M00002_P00136,6.814925
M00002_P00141,6.9309163
M00002_P00148,1.0
M00002_P00156,6.4281445
M00002_P00625,1.0
M00002_P00630,6.095756
M00002_P00632,6.304439
M00002_P00635,6.321966
M00002_P00644,1.0
M00002_P00645,1.0
M00002_P00650,6.503179
M00003_P01020,6.5705256
M00003_P01034,6.2159677
M00003_P01037,5.7528086
M00003_P01038,6.115763
M00003_P01041,6.021564
M00003_P01042,1.0
M00003_P01048,6.4101152
M00003_P01049,1.0
M00003_P01051,1.0
M00003_P01055,1.0
M00003_P01063,6.184562
M00003_P01064,5.8686523
M00004_P00108,1.0
M00004_P00110,1.0
M00004_P00114,7.265874
M00004_P00124,6.1607018
M00004_P00129,6.0391803
M00004_P01177,6.204325
M00004_P01182,6.2518106
M00004_P01184,1.0
M00004_P01193,6.0286536
M00004_P01196,7.0125046
M00005_P00136,6.641996
M00005_P00141,6.877985
M00005_P00148,1.0
M00005_P00156,1.0
M00005_P00478,5.950783
M00005_P00479,6.867923
M00005_P00486,1.0
M00005_P00491,1.0
M00006_P00443,1.0
M00006_P00448,5.990392
M00006_P00452,1.0
M00006_P00462,6.4836283
M00006_P00463,6.8751864
M00006_P00465,6.302565
M00006_P00468,6.396948
M00006_P00625,1.0
M00006_P00630,1.0
M00006_P00632,6.4649763
M00006_P00635,6.4523582
M00006_P00644,6.2025676
M00006_P00645,1.0
M00006_P00650,6.245907
M00007_P00266,6.629681
M00007_P00271,6.563112
M00007_P00278,6.2783303
M00007_P00286,1.0
M00007_P00625,1.0
M00007_P00630,1.0
M00007_P00632,6.3541975
M00007_P00635,6.9459453
M00007_P00644,1.0
M00007_P00645,7.028424
M00007_P00650,6.1337
M00008_P00443,6.2854896
M00008_P00448,1.0
M00008_P00452,1.0
M00008_P00462,6.730032
M00008_P00463,1.0
M00008_P00465,6.2793427
M00008_P00468,6.321924
M00008_P01099,6.304857
M00008_P01107,6.2060256
M00008_P01108,1.0
M00008_P01109,1.0
M00008_P01114,6.8046584
M00008_P01118,6.3861766
M00009_P00991,1.0
M00009_P00993,5.9381948
M00009_P00997,5.8644247
M00009_P01000,1.0
M00009_P01010,6.433464
M00009_P01070,1.0
M00009_P01074,1.0
M00009_P01082,1.0
M00010_P00266,1.0
M00010_P00271,6.289848
M00010_P00278,1.0
M00010_P00286,1.0
M00010_P00782,1.0
M00010_P00786,1.0
M00010_P00788,6.470979
M00010_P00797,6.454617
M00010_P00803,6.5033937
M00011_P01041,1.0
M00011_P01042,1.0
M00011_P01048,1.0
M00011_P01049,6.601725
M00011_P01051,6.154446
M00011_P01055,6.0339384
M00011_P01063,6.111699
M00011_P01064,1.0
M00011_P01177,1.0
M00011_P01182,5.989056
M00011_P01184,6.353501
M00011_P01193,6.18682
M00011_P01196,1.0
M00012_P00529,6.131691
M00012_P00535,5.8099694
M00012_P00536,5.7201195
M00012_P00542,1.0
M00012_P00543,1.0
M00012_P01120,1.0
M00013_P00055,6.020259
M00013_P00057,6.2304077
M00013_P00059,1.0
M00013_P00064,1.0
M00013_P00066,1.0
M00013_P00071,6.1945124
M00013_P00077,6.911506
M00013_P00368,6.0877066
M00013_P00372,1.0
M00013_P00378,1.0
M00013_P00382,1.0
M00013_P00383,5.9973564
M00014_P00108,5.93022
M00014_P00110,1.0
M00014_P00114,6.867382
M00014_P00124,1.0
M00014_P00129,1.0
M00014_P00443,1.0
M00014_P00448,5.712461
M00014_P00452,1.0
M00014_P00462,6.1938534
M00014_P00463,1.0
M00014_P00465,5.838665
M00014_P00468,6.4550266
M00015_P00345,6.0173464
M00015_P00347,6.376873
M00015_P00351,1.0
M00015_P00353,6.179489
M00015_P00359,6.034221
M00015_P00362,5.8175907
M00015_P01099,5.9933367
M00015_P01107,6.023968
M00015_P01108,1.0
M00015_P01109,6.3354015
M00015_P01114,1.0
M00015_P01118,1.0
M00016_P00761,1.0
M00016_P00772,6.131168
M00016_P01070,6.072364
M00016_P01074,6.3102994
M00016_P01082,1.0
M00017_P00209,1.0
M00017_P00210,1.0
M00017_P00211,6.40928
M00017_P00219,1.0
M00017_P00221,1.0
M00017_P00222,6.5083456
M00017_P00232,6.4640126
M00017_P00234,6.7033505
M00017_P00423,6.427634
M00017_P00424,1.0
M00017_P00425,1.0
M00017_P00426,5.8018885
M00017_P00431,1.0
M00017_P00436,1.0
M00017_P00440,6.6482873
M00018_P00965,1.0
M00018_P00966,1.0
M00018_P00975,1.0
M00018_P00978,6.90809
M00018_P00980,6.8652706
M00018_P00986,6.7482924
M00018_P01223,6.0554
M00018_P01234,6.8874497
M00018_P01236,1.0
M00018_P01241,6.1897354
M00018_P01242,5.9898114
M00019_P00368,6.078383
M00019_P00372,6.756414
M00019_P00378,5.7943397
M00019_P00382,1.0
M00019_P00383,5.9238505
M00019_P00611,5.944374
M00019_P00618,7.1220984
M00019_P00619,1.0
M00019_P00622,6.2241216
M00020_P00079,6.4300475
M00020_P00082,6.526738
M00020_P00087,6.094743
M00020_P00097,5.973524
M00020_P00102,1.0
M00020_P00136,6.9419994
M00020_P00141,6.6178193
M00020_P00148,5.9370966
M00020_P00156,6.0998416
M00021_P00266,1.0
M00021_P00271,1.0
M00021_P00278,6.569257
M00021_P00286,6.3831325
M00021_P01041,6.269273
M00021_P01042,1.0
M00021_P01048,1.0
M00021_P01049,6.758465
M00021_P01051,6.068306
M00021_P01055,1.0
M00021_P01063,6.1831636
M00021_P01064,1.0
M00022_P00108,6.082478
M00022_P00110,6.049528
M00022_P00114,1.0
M00022_P00124,1.0
M00022_P00129,6.3246365
M00022_P00991,1.0
M00022_P00993,5.9600244
M00022_P00997,1.0
M00022_P01000,6.5882545
M00022_P01010,6.3405056
M00023_P00761,1.0
M00023_P00772,6.056529
M00023_P00991,1.0
M00023_P00993,5.8559213
M00023_P00997,1.0
M00023_P01000,6.2424603
M00023_P01010,6.068919
M00024_P00011,6.0419436
M00024_P00024,5.907946
M00024_P00922,6.219807
M00024_P00927,5.939249
M00024_P00931,1.0
M00024_P00935,6.441079
M00025_P00888,6.1658096
M00025_P00889,5.845667
M00025_P00893,6.4618177
M00025_P00894,1.0
M00025_P00895,6.9217257
M00025_P00901,7.058954
M00025_P00909,6.130185
M00025_P01120,6.3292165
M00026_P00549,1.0
M00026_P00552,6.348585
M00026_P00554,6.588882
M00026_P00561,6.5434046
M00026_P00562,5.8877563
M00026_P00568,1.0
M00026_P01070,1.0
M00026_P01074,6.0680933
M00026_P01082,1.0
M00027_P00266,1.0
M00027_P00271,1.0
M00027_P00278,1.0
M00027_P00286,6.204002
M00027_P00705,6.0988636
M00027_P00707,6.2128043
M00027_P00716,6.2804933
M00027_P00718,1.0
M00027_P00724,6.0421343
M00027_P00728,6.2562914
M00028_P01201,6.2153563
M00028_P01209,1.0
M00028_P01210,6.1820045
M00028_P01211,6.9003196
M00028_P01214,6.0955367
M00028_P01223,1.0
M00028_P01234,6.5202217
M00028_P01236,6.323865
M00028_P01241,6.6232095
M00028_P01242,1.0
M00029_P00157,5.9162145
M00029_P00159,1.0
M00029_P00164,6.0610404
M00029_P00169,6.009453
M00029_P00171,1.0
M00029_P00175,1.0
M00029_P00835,1.0
M00029_P00840,5.993362
M00029_P00844,5.874569
M00029_P00847,1.0
M00029_P00848,6.1544037
M00029_P00856,1.0
M00030_P00835,1.0
M00030_P00840,5.9319143
M00030_P00844,1.0
M00030_P00847,5.7364454
M00030_P00848,5.9834642
M00030_P00856,1.0
M00030_P01041,6.003772
M00030_P01042,1.0
M00030_P01048,1.0
M00030_P01049,1.0
M00030_P01051,1.0
M00030_P01055,6.189972
M00030_P01063,6.070839
M00030_P01064,1.0
M00031_P00241,1.0
M00031_P00244,1.0
M00031_P00245,6.630866
M00031_P00248,6.472295
M00031_P00255,7.002716
M00031_P00260,1.0
M00031_P00625,1.0
M00031_P00630,1.0
M00031_P00632,6.481095
M00031_P00635,6.115925
M00031_P00644,6.2004366
M00031_P00645,6.9384017
M00031_P00650,6.7095594
M00032_P00863,6.427824
M00032_P00880,1.0
M00032_P00882,1.0
M00032_P00888,1.0
M00032_P00889,6.2390428
M00032_P00893,6.001222
M00032_P00894,6.6360197
M00032_P00895,1.0
M00032_P00901,6.5895867
M00032_P00909,6.470194
M00033_P00032,1.0
M00033_P00044,6.445982
M00033_P00045,6.4705234
M00033_P00050,5.91701
M00033_P00052,1.0
M00033_P00807,6.3961735
M00033_P00812,1.0
M00033_P00819,1.0
M00033_P00826,6.158126
M00033_P00827,6.753712
M00034_P00391,1.0
M00034_P00399,6.0719023
M00034_P00410,6.6150756
M00034_P00416,6.3104677
M00034_P00515,6.2748895
M00035_P00136,1.0
M00035_P00141,6.845437
M00035_P00148,1.0
M00035_P00156,6.4428606
M00035_P00940,1.0
M00035_P00948,1.0
M00035_P00950,6.21766
M00035_P00951,5.920793
M00035_P00959,6.4477806
M00035_P00962,1.0
M00036_P00108,1.0
M00036_P00110,6.114365
M00036_P00114,1.0
M00036_P00124,6.7555943
M00036_P00129,6.2655706
M00036_P00922,6.2710204
M00036_P00927,1.0
M00036_P00931,1.0
M00036_P00935,1.0
M00037_P00209,6.19643
M00037_P00210,1.0
M00037_P00211,1.0
M00037_P00219,6.167371
M00037_P00221,6.321424
M00037_P00222,1.0
M00037_P00232,6.0566235
M00037_P00234,7.5320687
M00037_P01120,1.0
M00038_P00423,1.0
M00038_P00424,5.835363
M00038_P00425,1.0
M00038_P00426,1.0
M00038_P00431,1.0
M00038_P00436,5.905786
M00038_P00440,1.0
M00038_P00888,6.1785965
M00038_P00889,6.193932
M00038_P00893,6.1229773
M00038_P00894,1.0
M00038_P00895,6.3267274
M00038_P00901,7.360958
M00038_P00909,1.0
M00039_P00345,6.436728
M00039_P00347,6.3865786
M00039_P00351,6.6939645
M00039_P00353,6.1374035
M00039_P00359,6.532808
M00039_P00362,5.985984
M00039_P00922,1.0
M00039_P00927,5.9428325
M00039_P00931,6.1795387
M00039_P00935,1.0
M00040_P00515,1.0
M00040_P01177,1.0
M00040_P01182,5.9428577
M00040_P01184,6.087394
M00040_P01193,5.9339147
M00040_P01196,6.286184
M00041_P00732,6.093882
M00041_P00738,1.0
M00041_P00742,1.0
M00041_P00744,1.0
M00041_P00747,6.9716043
M00041_P00753,6.3921833
M00041_P00888,5.771122
M00041_P00889,6.196173
M00041_P00893,5.890288
M00041_P00894,6.2258954
M00041_P00895,5.9914703
M00041_P00901,6.7539067
M00041_P00909,1.0
M00042_P00368,1.0
M00042_P00372,6.54659
M00042_P00378,6.337078
M00042_P00382,1.0
M00042_P00383,5.9206104
M00042_P00391,1.0
M00042_P00399,1.0
M00042_P00410,6.499879
M00042_P00416,6.244223
M00043_P00032,7.305294
M00043_P00044,6.4043646
M00043_P00045,1.0
M00043_P00050,1.0
M00043_P00052,6.4399123
M00043_P00991,1.0
M00043_P00993,1.0
M00043_P00997,1.0
M00043_P01000,6.0785284
M00043_P01010,5.9547906
M00044_P00368,6.1371717
M00044_P00372,6.7619443
M00044_P00378,6.0200443
M00044_P00382,1.0
M00044_P00383,6.04304
M00044_P00965,1.0
M00044_P00966,1.0
M00044_P00975,1.0
M00044_P00978,7.0090084
M00044_P00980,1.0
M00044_P00986,6.560914
M00045_P01041,6.0623264
M00045_P01042,1.0
M00045_P01048,6.2372875
M00045_P01049,6.6028605
M00045_P01051,1.0
M00045_P01055,6.15771
M00045_P01063,1.0
M00045_P01064,5.7748685
M00045_P01177,6.4918947
M00045_P01182,1.0
M00045_P01184,5.8947315
M00045_P01193,6.153824
M00045_P01196,1.0
M00046_P00055,1.0
M00046_P00057,6.037425
M00046_P00059,1.0
M00046_P00064,1.0
M00046_P00066,1.0
M00046_P00071,1.0
M00046_P00077,1.0
M00046_P00108,6.0009947
M00046_P00110,1.0
M00046_P00114,7.0646133
M00046_P00124,6.04176
M00046_P00129,6.577191
M00047_P00391,1.0
M00047_P00399,6.1850214
M00047_P00410,6.620052
M00047_P00416,5.895109
M00047_P00835,6.21007
M00047_P00840,1.0
M00047_P00844,1.0
M00047_P00847,1.0
M00047_P00848,1.0
M00047_P00856,6.6440926
M00048_P00345,5.9763083
M00048_P00347,1.0
M00048_P00351,6.2879205
M00048_P00353,1.0
M00048_P00359,5.926442
M00048_P00362,6.2287974
M00048_P00922,1.0
M00048_P00927,1.0
M00048_P00931,5.9250154
M00048_P00935,1.0
M00049_P00391,1.0
M00049_P00399,6.572328
M00049_P00410,6.047136
M00049_P00416,6.220711
M00049_P00807,1.0
M00049_P00812,7.2481766
M00049_P00819,6.302494
M00049_P00826,1.0
M00049_P00827,6.6505504
M00050_P00157,6.1545978
M00050_P00159,1.0
M00050_P00164,1.0
M00050_P00169,1.0
M00050_P00171,5.970086
M00050_P00175,6.2843184
M00050_P00185,6.4359426
M00050_P00193,6.0809836
M00050_P00197,5.9119864
M00050_P00199,1.0
M00050_P00200,6.0048437
M00051_P00574,1.0
M00051_P00579,6.0346246
M00051_P00582,1.0
M00051_P00584,6.0459466
M00051_P00586,1.0
M00051_P00590,6.2671123
M00051_P00732,1.0
M00051_P00738,6.234682
M00051_P00742,6.4390645
M00051_P00744,6.3517723
M00051_P00747,1.0
M00051_P00753,6.286886
M00052_P00079,6.3336797
M00052_P00082,6.351245
M00052_P00087,1.0
M00052_P00097,6.3471184
M00052_P00102,6.0205183
M00052_P01201,5.8825808
M00052_P01209,1.0
M00052_P01210,1.0
M00052_P01211,6.331621
M00052_P01214,1.0
M00053_P00079,1.0
M00053_P00082,6.8031316
M00053_P00087,5.887693
M00053_P00097,1.0
M00053_P00102,5.774343
M00053_P00678,1.0
M00053_P00679,1.0
M00053_P00680,1.0
M00053_P00681,6.5422153
M00053_P00683,1.0
M00053_P00694,1.0
M00054_P00157,1.0
M00054_P00159,1.0
M00054_P00164,6.6715083
M00054_P00169,1.0
M00054_P00171,6.613176
M00054_P00175,6.266419
M00054_P00423,1.0
M00054_P00424,1.0
M00054_P00425,6.2933717
M00054_P00426,5.974895
M00054_P00431,5.8365855
M00054_P00436,6.0872164
M00054_P00440,5.8321233
M00055_P00732,6.115442
M00055_P00738,6.0747237
M00055_P00742,1.0
M00055_P00744,1.0
M00055_P00747,1.0
M00055_P00753,6.1081243
M00055_P00888,1.0
M00055_P00889,5.8131127
M00055_P00893,6.112195
M00055_P00894,1.0
M00055_P00895,6.3734946
M00055_P00901,7.001955
M00055_P00909,6.158661
M00056_P00287,1.0
M00056_P00290,6.004963
M00056_P00291,1.0
M00056_P00295,7.48395
M00056_P00297,6.054056
M00056_P00298,1.0
M00056_P00299,1.0
M00056_P00304,6.212655
M00056_P00307,6.467297
M00056_P00309,6.3406954
M00056_P00310,6.2365894
M00056_P00478,1.0
M00056_P00479,6.612981
M00056_P00486,1.0
M00056_P00491,1.0
M00057_P00108,6.078196
M00057_P00110,5.9878097
M00057_P00114,1.0
M00057_P00124,6.4375577
M00057_P00129,6.149243
M00057_P00761,1.0
M00057_P00772,6.254744
M00058_P00079,1.0
M00058_P00082,6.178659
M00058_P00087,6.1587825
M00058_P00097,6.3233547
M00058_P00102,6.121502
M00058_P01099,5.7920914
M00058_P01107,5.8324876
M00058_P01108,6.4243727
M00058_P01109,1.0
M00058_P01114,6.1322265
M00058_P01118,1.0
M00059_P00136,1.0
M00059_P00141,6.544228
M00059_P00148,6.100877
M00059_P00156,1.0
M00059_P00423,1.0
M00059_P00424,1.0
M00059_P00425,6.0881267
M00059_P00426,5.8937006
M00059_P00431,5.9834514
M00059_P00436,1.0
M00059_P00440,6.0051746
M00060_P00782,1.0
M00060_P00786,1.0
M00060_P00788,6.281868
M00060_P00797,6.2196813
M00060_P00803,6.7543902
M00060_P00807,6.1636324
M00060_P00812,7.108339
M00060_P00819,6.454173
M00060_P00826,1.0
M00060_P00827,6.3717356
M00061_P00079,1.0
M00061_P00082,6.0819116
M00061_P00087,6.072124
M00061_P00097,1.0
M00061_P00102,6.0293264
M00061_P00287,6.222731
M00061_P00290,1.0
M00061_P00291,5.983516
M00061_P00295,6.3082376
M00061_P00297,5.8655496
M00061_P00298,1.0
M00061_P00299,5.361972
M00061_P00304,5.890748
M00061_P00307,1.0
M00061_P00309,1.0
M00061_P00310,6.223771
M00062_P00423,1.0
M00062_P00424,6.021913
M00062_P00425,6.163822
M00062_P00426,5.989914
M00062_P00431,1.0
M00062_P00436,6.4727817
M00062_P00440,6.0462384
M00062_P00625,1.0
M00062_P00630,1.0
M00062_P00632,6.320955
M00062_P00635,6.1005807
M00062_P00644,6.649592
M00062_P00645,6.413174
M00062_P00650,6.554359
M00063_P00478,5.929933
M00063_P00479,7.255453
M00063_P00486,6.3137374
M00063_P00491,1.0
M00063_P00732,6.128511
M00063_P00738,5.949559
M00063_P00742,6.65393
M00063_P00744,1.0
M00063_P00747,7.161322
M00063_P00753,6.556137
M00064_P00241,5.5513678
M00064_P00244,5.9001102
M00064_P00245,1.0
M00064_P00248,1.0
M00064_P00255,7.525733
M00064_P00260,6.534228
M00064_P00345,6.3160806
M00064_P00347,1.0
M00064_P00351,6.254684
M00064_P00353,6.071609
M00064_P00359,6.4693837
M00064_P00362,6.2356796
M00065_P00079,6.2437563
M00065_P00082,1.0
M00065_P00087,5.7105713
M00065_P00097,6.4332304
M00065_P00102,6.283764
M00065_P00991,1.0
M00065_P00993,5.8423095
M00065_P00997,5.949469
M00065_P01000,1.0
M00065_P01010,6.2194514
M00066_P00529,1.0
M00066_P00535,1.0
M00066_P00536,6.1747293
M00066_P00542,6.1152787
M00066_P00543,1.0
M00066_P01223,1.0
M00066_P01234,6.9797106
M00066_P01236,5.8620696
M00066_P01241,1.0
M00066_P01242,6.0388675
M00067_P00782,1.0
M00067_P00786,1.0
M00067_P00788,6.862063
M00067_P00797,1.0
M00067_P00803,6.6519184
M00067_P00965,1.0
M00067_P00966,5.8534045
M00067_P00975,6.7509446
M00067_P00978,1.0
M00067_P00980,6.7364225
M00067_P00986,1.0
M00068_P00079,6.257066
M00068_P00082,6.0104833
M00068_P00087,5.7638187
M00068_P00097,6.4223404
M00068_P00102,1.0
M00068_P00863,6.142128
M00068_P00880,6.6529365
M00068_P00882,6.8093185
M00069_P00108,1.0
M00069_P00110,1.0
M00069_P00114,1.0
M00069_P00124,6.683082
M00069_P00129,5.9068418
M00069_P01020,6.858125
M00069_P01034,5.930611
M00069_P01037,5.764129
M00069_P01038,5.997265
M00070_P00185,6.4376655
M00070_P00193,1.0
M00070_P00197,6.1889553
M00070_P00199,6.150706
M00070_P00200,6.03837
M00070_P00655,1.0
M00070_P00662,5.9602942
M00070_P00666,1.0
M00070_P00668,5.684816
M00070_P00669,1.0
M00070_P00673,6.250317
M00070_P00674,5.9351144
M00071_P00965,1.0
M00071_P00966,6.122747
M00071_P00975,1.0
M00071_P00978,6.5746074
M00071_P00980,6.303477
M00071_P00986,7.075771
M00071_P01020,1.0
M00071_P01034,6.0297203
M00071_P01037,6.008465
M00071_P01038,1.0
M00072_P00678,1.0
M00072_P00679,1.0
M00072_P00680,6.1604214
M00072_P00681,1.0
M00072_P00683,1.0
M00072_P00694,6.4975796
M00072_P01120,6.559769
M00073_P00345,6.2099524
M00073_P00347,6.2091756
M00073_P00351,6.564307
M00073_P00353,6.313531
M00073_P00359,6.499966
M00073_P00362,6.578333
M00073_P00423,6.37474
M00073_P00424,6.079403
M00073_P00425,5.9700246
M00073_P00426,5.9612947
M00073_P00431,5.727929
M00073_P00436,1.0
M00073_P00440,1.0
M00074_P00391,1.0
M00074_P00399,6.387726
M00074_P00410,6.920979
M00074_P00416,6.14194
M00074_P00443,6.1432323
M00074_P00448,1.0
M00074_P00452,6.051237
M00074_P00462,5.979392
M00074_P00463,1.0
M00074_P00465,6.2095447
M00074_P00468,6.1244864
M00075_P01070,5.812213
M00075_P01074,1.0
M00075_P01082,1.0
M00075_P01099,6.208659
M00075_P01107,5.7954907
M00075_P01108,6.8870087
M00075_P01109,6.1773705
M00075_P01114,6.1333704
M00075_P01118,1.0
M00076_P00108,1.0
M00076_P00110,6.128574
M00076_P00114,7.4936633
M00076_P00124,1.0
M00076_P00129,6.089318
M00076_P00529,5.7149324
M00076_P00535,1.0
M00076_P00536,5.885578
M00076_P00542,1.0
M00076_P00543,6.8534894
M00077_P00940,6.205192
M00077_P00948,6.12268
M00077_P00950,6.567519
M00077_P00951,6.142713
M00077_P00959,1.0
M00077_P00962,6.2202835
M00077_P01020,1.0
M00077_P01034,1.0
M00077_P01037,5.8371735
M00077_P01038,5.8932333
M00078_P00345,5.944765
M00078_P00347,6.500596
M00078_P00351,6.4201007
M00078_P00353,5.9051127
M00078_P00359,5.9522057
M00078_P00362,1.0
M00078_P00888,5.7846255
M00078_P00889,1.0
M00078_P00893,6.0776734
M00078_P00894,1.0
M00078_P00895,1.0
M00078_P00901,1.0
M00078_P00909,6.2733445
M00079_P00209,5.866529
M00079_P00210,1.0
M00079_P00211,1.0
M00079_P00219,5.780515
M00079_P00221,6.4806857
M00079_P00222,6.3487096
M00079_P00232,1.0
M00079_P00234,1.0
M00079_P00611,6.028146
M00079_P00618,1.0
M00079_P00619,1.0
M00079_P00622,1.0
M00080_P00478,1.0
M00080_P00479,6.281742
M00080_P00486,6.6593785
M00080_P00491,5.883612
M00080_P00611,5.7391005
M00080_P00618,6.150037
M00080_P00619,6.0277185
M00080_P00622,6.082882
M00081_P00888,6.197369
M00081_P00889,6.2507954
M00081_P00893,6.0019503
M00081_P00894,6.281532
M00081_P00895,1.0
M00081_P00901,6.795321
M00081_P00909,1.0
M00081_P01201,5.746812
M00081_P01209,1.0
M00081_P01210,1.0
M00081_P01211,6.5939684
M00081_P01214,1.0
M00082_P00922,1.0
M00082_P00927,1.0
M00082_P00931,1.0
M00082_P00935,1.0
M00082_P01099,6.3767514
M00082_P01107,1.0
M00082_P01108,1.0
M00082_P01109,6.483303
M00082_P01114,6.332777
M00082_P01118,6.4866242
M00083_P00209,6.08181
M00083_P00210,1.0
M00083_P00211,1.0
M00083_P00219,1.0
M00083_P00221,1.0
M00083_P00222,6.426418
M00083_P00232,5.9678087
M00083_P00234,1.0
M00083_P00443,1.0
M00083_P00448,6.1313734
M00083_P00452,1.0
M00083_P00462,1.0
M00083_P00463,6.4274216
M00083_P00465,6.6492
M00083_P00468,6.8974385
M00084_P00922,6.4194355
M00084_P00927,6.0854807
M00084_P00931,1.0
M00084_P00935,6.1076913
M00084_P01223,1.0
M00084_P01234,6.8419604
M00084_P01236,6.0203505
M00084_P01241,1.0
M00084_P01242,6.2128615
M00085_P00478,5.892862
M00085_P00479,6.1067357
M00085_P00486,6.5607963
M00085_P00491,6.1941786
M00085_P01020,6.4500294
M00085_P01034,5.7745247
M00085_P01037,5.7616506
M00085_P01038,6.12768
M00086_P00345,1.0
M00086_P00347,6.540246
M00086_P00351,1.0
M00086_P00353,6.064124
M00086_P00359,1.0
M00086_P00362,1.0
M00086_P01146,1.0
M00086_P01157,5.948357
M00086_P01166,6.8179584
M00086_P01169,5.7885695
M00087_P00807,1.0
M00087_P00812,6.991181
M00087_P00819,6.376748
M00087_P00826,1.0
M00087_P00827,7.26512
M00087_P00835,1.0
M00087_P00840,1.0
M00087_P00844,1.0
M00087_P00847,6.551229
M00087_P00848,1.0
M00087_P00856,1.0
M00088_P00136,1.0
M00088_P00141,6.908181
M00088_P00148,6.0254426
M00088_P00156,5.94387
M00088_P01070,5.9985037
M00088_P01074,1.0
M00088_P01082,6.4274693
M00089_P00011,1.0
M00089_P00024,1.0
M00089_P00055,1.0
M00089_P00057,1.0
M00089_P00059,6.0762258
M00089_P00064,5.953854
M00089_P00066,1.0
M00089_P00071,6.362425
M00089_P00077,1.0
M00090_P00423,1.0
M00090_P00424,6.035277
M00090_P00425,6.579682
M00090_P00426,5.9731264
M00090_P00431,5.9620113
M00090_P00436,6.3486004
M00090_P00440,6.2903957
M00090_P01041,1.0
M00090_P01042,6.3304224
M00090_P01048,6.6492004
M00090_P01049,1.0
M00090_P01051,6.2723784
M00090_P01055,1.0
M00090_P01063,5.91259
M00090_P01064,5.8858943
M00091_P00922,6.169651
M00091_P00927,6.165432
M00091_P00931,5.9790506
M00091_P00935,7.165992
M00091_P01201,1.0
M00091_P01209,5.733951
M00091_P01210,1.0
M00091_P01211,6.4319286
M00091_P01214,1.0
M00092_P00108,5.8673954
M00092_P00110,1.0
M00092_P00114,6.8947587
M00092_P00124,6.2093787
M00092_P00129,1.0
M00092_P00185,1.0
M00092_P00193,6.531074
M00092_P00197,1.0
M00092_P00199,5.9271874
M00092_P00200,5.917168
M00093_P00055,1.0
M00093_P00057,6.048457
M00093_P00059,1.0
M00093_P00064,1.0
M00093_P00066,6.971441
M00093_P00071,1.0
M00093_P00077,6.711452
M00093_P00888,5.9554114
M00093_P00889,6.181272
M00093_P00893,5.861375
M00093_P00894,6.1186395
M00093_P00895,6.4148407
M00093_P00901,1.0
M00093_P00909,1.0
M00094_P00209,1.0
M00094_P00210,6.5105925
M00094_P00211,1.0
M00094_P00219,1.0
M00094_P00221,1.0
M00094_P00222,6.5068436
M00094_P00232,1.0
M00094_P00234,1.0
M00094_P00705,1.0
M00094_P00707,6.4680557
M00094_P00716,6.0465965
M00094_P00718,7.070496
M00094_P00724,1.0
M00094_P00728,6.387404
M00095_P00055,1.0
M00095_P00057,1.0
M00095_P00059,1.0
M00095_P00064,1.0
M00095_P00066,1.0
M00095_P00071,1.0
M00095_P00077,1.0
M00095_P00611,6.3372216
M00095_P00618,1.0
M00095_P00619,6.0358753
M00095_P00622,1.0
M00096_P00391,1.0
M00096_P00399,6.8219686
M00096_P00410,1.0
M00096_P00416,6.6187134
M00096_P01120,1.0
M00097_P00574,1.0
M00097_P00579,6.028043
M00097_P00582,1.0
M00097_P00584,1.0
M00097_P00586,5.917989
M00097_P00590,6.7993975
M00097_P00940,5.964842
M00097_P00948,1.0
M00097_P00950,6.070854
M00097_P00951,1.0
M00097_P00959,1.0
M00097_P00962,6.8895335
M00098_P00266,6.4892187
M00098_P00271,6.88702
M00098_P00278,1.0
M00098_P00286,1.0
M00098_P00391,6.008208
M00098_P00399,6.420034
M00098_P00410,1.0
M00098_P00416,6.6608605
M00099_P00032,6.621164
M00099_P00044,1.0
M00099_P00045,1.0
M00099_P00050,5.912569
M00099_P00052,1.0
M00099_P00313,1.0
M00099_P00324,1.0
M00099_P00329,6.1987305
M00099_P00333,6.7241354
M00099_P00334,6.527554
M00100_P00678,1.0
M00100_P00679,1.0
M00100_P00680,6.215163
M00100_P00681,1.0
M00100_P00683,1.0
M00100_P00694,1.0
M00100_P01120,1.0
M00101_P00266,6.675419
M00101_P00271,6.310797
M00101_P00278,1.0
M00101_P00286,6.229173
M00101_P00443,1.0
M00101_P00448,5.879033
M00101_P00452,5.6796393
M00101_P00462,6.7087016
M00101_P00463,6.2225075
M00101_P00465,1.0
M00101_P00468,6.0814033
M00102_P00055,1.0
M00102_P00057,6.3314
M00102_P00059,6.201571
M00102_P00064,5.8519154
M00102_P00066,1.0
M00102_P00071,1.0
M00102_P00077,5.9937453
M00102_P00625,1.0
M00102_P00630,6.011617
M00102_P00632,6.161012
M00102_P00635,1.0
M00102_P00644,1.0
M00102_P00645,1.0
M00102_P00650,5.8425083
M00103_P00313,6.358255
M00103_P00324,6.696577
M00103_P00329,6.297536
M00103_P00333,6.4268374
M00103_P00334,6.2070174
M00103_P00782,6.0779595
M00103_P00786,1.0
M00103_P00788,1.0
M00103_P00797,1.0
M00103_P00803,6.282833
M00104_P00368,5.9080653
M00104_P00372,6.0920625
M00104_P00378,1.0
M00104_P00382,5.9331107
M00104_P00383,5.8915596
M00104_P00391,1.0
M00104_P00399,1.0
M00104_P00410,6.5638137
M00104_P00416,6.2924275
M00105_P00549,1.0
M00105_P00552,6.364378
M00105_P00554,5.991427
M00105_P00561,1.0
M00105_P00562,5.761218
M00105_P00568,5.8412743
M00105_P00655,1.0
M00105_P00662,6.172457
M00105_P00666,1.0
M00105_P00668,5.932024
M00105_P00669,6.4431877
M00105_P00673,6.4550247
M00105_P00674,1.0
M00106_P00443,1.0
M00106_P00448,1.0
M00106_P00452,1.0
M00106_P00462,6.763388
M00106_P00463,6.8692803
M00106_P00465,1.0
M00106_P00468,6.048444
M00106_P00611,6.04503
M00106_P00618,6.154634
M00106_P00619,5.769378
M00106_P00622,6.226285
M00107_P00888,5.876015
M00107_P00889,5.918555
M00107_P00893,6.71127
M00107_P00894,1.0
M00107_P00895,1.0
M00107_P00901,7.075805
M00107_P00909,6.7742114
M00107_P01120,1.0
M00108_P00185,1.0
M00108_P00193,6.4124403
M00108_P00197,1.0
M00108_P00199,1.0
M00108_P00200,5.887439
M00108_P00443,1.0
M00108_P00448,1.0
M00108_P00452,1.0
M00108_P00462,6.67249
M00108_P00463,6.4331126
M00108_P00465,6.4585633
M00108_P00468,1.0
M00109_P00055,6.182295
M00109_P00057,1.0
M00109_P00059,6.3674927
M00109_P00064,5.934627
M00109_P00066,1.0
M00109_P00071,6.0591455
M00109_P00077,6.67042
M00109_P00185,6.240736
M00109_P00193,6.2988443
M00109_P00197,1.0
M00109_P00199,1.0
M00109_P00200,6.1716557
M00110_P00574,6.1672945
M00110_P00579,1.0
M00110_P00582,6.40608
M00110_P00584,6.342567
M00110_P00586,6.4072585
M00110_P00590,6.787251
M00110_P01223,1.0
M00110_P01234,6.308911
M00110_P01236,5.8476005
M00110_P01241,5.962723
M00110_P01242,6.1633143
M00111_P00705,6.101071
M00111_P00707,1.0
M00111_P00716,6.314688
M00111_P00718,6.296503
M00111_P00724,6.533548
M00111_P00728,6.866711
M00111_P01020,6.8616467
M00111_P01034,5.962461
M00111_P01037,5.8070717
M00111_P01038,1.0
M00112_P00625,6.280679
M00112_P00630,5.982467
M00112_P00632,6.0878596
M00112_P00635,6.025631
M00112_P00644,1.0
M00112_P00645,1.0
M00112_P00650,6.2588916
M00112_P00965,1.0
M00112_P00966,1.0
M00112_P00975,6.7887607
M00112_P00978,6.6614885
M00112_P00980,1.0
M00112_P00986,1.0
M00113_P00055,1.0
M00113_P00057,1.0
M00113_P00059,6.425197
M00113_P00064,1.0
M00113_P00066,7.08809
M00113_P00071,1.0
M00113_P00077,6.52122
M00113_P01201,5.883301
M00113_P01209,5.9074545
M00113_P01210,5.748339
M00113_P01211,6.523765
M00113_P01214,5.8479905
M00114_P00863,5.9499197
M00114_P00880,6.0200825
M00114_P00882,1.0
M00114_P00922,6.3508105
M00114_P00927,6.0371065
M00114_P00931,6.2949977
M00114_P00935,1.0
M00115_P00611,6.253781
M00115_P00618,6.204418
M00115_P00619,1.0
M00115_P00622,1.0
M00115_P00732,1.0
M00115_P00738,1.0
M00115_P00742,6.5152617
M00115_P00744,1.0
M00115_P00747,6.931325
M00115_P00753,5.997018
M00116_P00529,1.0
M00116_P00535,5.7066755
M00116_P00536,5.9168406
M00116_P00542,1.0
M00116_P00543,1.0
M00116_P01020,1.0
M00116_P01034,5.839716
M00116_P01037,1.0
M00116_P01038,6.0358934
M00117_P00515,1.0
M00117_P01201,6.244111
M00117_P01209,5.945163
M00117_P01210,1.0
M00117_P01211,6.653381
M00117_P01214,1.0
M00118_P00678,1.0
M00118_P00679,1.0
M00118_P00680,6.0561213
M00118_P00681,5.9525285
M00118_P00683,6.2769547
M00118_P00694,1.0
M00118_P01099,6.138613
M00118_P01107,1.0
M00118_P01108,6.378258
M00118_P01109,1.0
M00118_P01114,1.0
M00118_P01118,1.0
M00119_P00478,1.0
M00119_P00479,1.0
M00119_P00486,6.7398653
M00119_P00491,5.867848
M00119_P01146,6.5548034
M00119_P01157,1.0
M00119_P01166,6.479614
M00119_P01169,6.1104856
M00120_P00313,6.253839
M00120_P00324,6.0733533
M00120_P00329,6.010761
M00120_P00333,6.523927
M00120_P00334,1.0
M00120_P00705,1.0
M00120_P00707,6.300612
M00120_P00716,6.0860834
M00120_P00718,1.0
M00120_P00724,5.9124303
M00120_P00728,6.5678306
M00121_P00287,1.0
M00121_P00290,1.0
M00121_P00291,6.2271614
M00121_P00295,6.82631
M00121_P00297,5.7772064
M00121_P00298,1.0
M00121_P00299,1.0
M00121_P00304,1.0
M00121_P00307,6.3008776
M00121_P00309,6.066543
M00121_P00310,6.62477
M00121_P01120,1.0
M00122_P00655,1.0
M00122_P00662,5.7830625
M00122_P00666,6.091284
M00122_P00668,1.0
M00122_P00669,6.4137273
M00122_P00673,1.0
M00122_P00674,1.0
M00122_P00940,6.099623
M00122_P00948,5.9919653
M00122_P00950,1.0
M00122_P00951,6.357242
M00122_P00959,1.0
M00122_P00962,1.0
M00123_P00345,1.0
M00123_P00347,1.0
M00123_P00351,1.0
M00123_P00353,1.0
M00123_P00359,6.394664
M00123_P00362,6.563714
M00123_P00478,5.931738
M00123_P00479,1.0
M00123_P00486,6.3766093
M00123_P00491,6.6313863
M00124_P00732,5.9469137
M00124_P00738,1.0
M00124_P00742,1.0
M00124_P00744,5.8849034
M00124_P00747,7.390396
M00124_P00753,6.2358303
M00124_P00761,6.3724885
M00124_P00772,6.042467
M00125_P00782,1.0
M00125_P00786,6.224981
M00125_P00788,6.679979
M00125_P00797,6.371611
M00125_P00803,1.0
M00125_P00835,1.0
M00125_P00840,5.77776
M00125_P00844,5.916722
M00125_P00847,1.0
M00125_P00848,1.0
M00125_P00856,1.0
M00126_P00136,1.0
M00126_P00141,7.016394
M00126_P00148,5.8988757
M00126_P00156,1.0
M00126_P01099,6.4911
M00126_P01107,6.3081083
M00126_P01108,1.0
M00126_P01109,6.312919
M00126_P01114,1.0
M00126_P01118,6.4448414
M00127_P00136,1.0
M00127_P00141,6.6881337
M00127_P00148,1.0
M00127_P00156,6.207238
M00127_P00423,1.0
M00127_P00424,1.0
M00127_P00425,6.663301
M00127_P00426,5.968119
M00127_P00431,1.0
M00127_P00436,6.677111
M00127_P00440,1.0
M00128_P00313,1.0
M00128_P00324,6.0483136
M00128_P00329,5.857191
M00128_P00333,6.0755205
M00128_P00334,6.1478143
M00128_P00368,1.0
M00128_P00372,6.7185574
M00128_P00378,6.0962296
M00128_P00382,6.0489764
M00128_P00383,1.0
M00129_P00055,1.0
M00129_P00057,1.0
M00129_P00059,1.0
M00129_P00064,1.0
M00129_P00066,6.863941
M00129_P00071,1.0
M00129_P00077,1.0
M00129_P00423,1.0
M00129_P00424,1.0
M00129_P00425,5.966547
M00129_P00426,1.0
M00129_P00431,5.9972205
M00129_P00436,6.4009466
M00129_P00440,1.0
M00130_P00678,1.0
M00130_P00679,1.0
M00130_P00680,1.0
M00130_P00681,5.9932528
M00130_P00683,6.382059
M00130_P00694,6.285827
M00130_P00761,6.5216064
M00130_P00772,6.2232018
M00131_P01146,1.0
M00131_P01157,6.1567483
M00131_P01166,6.7166243
M00131_P01169,1.0
M00131_P01177,1.0
M00131_P01182,1.0
M00131_P01184,5.9663906
M00131_P01193,5.896074
M00131_P01196,6.258894
M00132_P00391,1.0
M00132_P00399,6.463234
M00132_P00410,1.0
M00132_P00416,1.0
M00132_P00655,1.0
M00132_P00662,5.6706467
M00132_P00666,1.0
M00132_P00668,5.9352894
M00132_P00669,6.2981424
M00132_P00673,1.0
M00132_P00674,5.9554067
M00133_P00157,1.0
M00133_P00159,5.946945
M00133_P00164,6.3241267
M00133_P00169,5.9449134
M00133_P00171,5.8909287
M00133_P00175,1.0
M00133_P00732,1.0
M00133_P00738,5.9486547
M00133_P00742,6.583863
M00133_P00744,6.0296087
M00133_P00747,1.0
M00133_P00753,1.0
M00134_P00863,1.0
M00134_P00880,6.1704307
M00134_P00882,6.470793
M00134_P01146,1.0
M00134_P01157,5.84927
M00134_P01166,6.5496845
M00134_P01169,6.1515455
M00135_P00391,1.0
M00135_P00399,1.0
M00135_P00410,6.465214
M00135_P00416,1.0
M00135_P00922,6.4484735
M00135_P00927,5.9953938
M00135_P00931,6.6321874
M00135_P00935,6.190137
M00136_P00209,1.0
M00136_P00210,1.0
M00136_P00211,6.271282
M00136_P00219,5.8792777
M00136_P00221,6.3168583
M00136_P00222,6.179255
M00136_P00232,1.0
M00136_P00234,6.875788
M00136_P00782,1.0
M00136_P00786,6.1596007
M00136_P00788,6.8058634
M00136_P00797,5.900887
M00136_P00803,6.0775847
M00137_P00732,1.0
M00137_P00738,6.1236525
M00137_P00742,1.0
M00137_P00744,1.0
M00137_P00747,7.1838865
M00137_P00753,6.017052
M00137_P01041,1.0
M00137_P01042,1.0
M00137_P01048,6.0569253
M00137_P01049,6.9726596
M00137_P01051,1.0
M00137_P01055,5.9076533
M00137_P01063,1.0
M00137_P01064,1.0
M00138_P00732,5.844533
M00138_P00738,1.0
M00138_P00742,6.623151
M00138_P00744,1.0
M00138_P00747,7.1300244
M00138_P00753,1.0
M00138_P00922,1.0
M00138_P00927,5.940292
M00138_P00931,5.834974
M00138_P00935,1.0
M00139_P00423,6.761552
M00139_P00424,5.980903
M00139_P00425,6.247634
M00139_P00426,6.3056583
M00139_P00431,1.0
M00139_P00436,1.0
M00139_P00440,6.26963
M00139_P00732,5.9751887
M00139_P00738,6.1288657
M00139_P00742,1.0
M00139_P00744,5.7675724
M00139_P00747,6.7610855
M00139_P00753,6.3646355
M00140_P00443,1.0
M00140_P00448,1.0
M00140_P00452,5.716608
M00140_P00462,6.7946987
M00140_P00463,1.0
M00140_P00465,6.5461583
M00140_P00468,1.0
M00140_P01041,1.0
M00140_P01042,6.6732326
M00140_P01048,6.2745667
M00140_P01049,1.0
M00140_P01051,1.0
M00140_P01055,5.9617157
M00140_P01063,5.9880714
M00140_P01064,6.167802
M00141_P00391,1.0
M00141_P00399,1.0
M00141_P00410,6.352115
M00141_P00416,6.649671
M00141_P01041,1.0
M00141_P01042,1.0
M00141_P01048,6.5137477
M00141_P01049,6.9472947
M00141_P01051,1.0
M00141_P01055,6.2990465
M00141_P01063,6.534159
M00141_P01064,1.0
M00142_P00108,6.01331
M00142_P00110,6.0072546
M00142_P00114,1.0
M00142_P00124,6.401917
M00142_P00129,6.2758684
M00142_P01201,6.0190983
M00142_P01209,1.0
M00142_P01210,5.627284
M00142_P01211,1.0
M00142_P01214,6.2042093
M00143_P00443,1.0
M00143_P00448,6.114342
M00143_P00452,5.8807106
M00143_P00462,6.757172
M00143_P00463,7.1073704
M00143_P00465,6.132211
M00143_P00468,1.0
M00143_P00574,1.0
M00143_P00579,6.3191895
M00143_P00582,1.0
M00143_P00584,1.0
M00143_P00586,5.9620175
M00143_P00590,6.6140447
M00144_P00209,5.9659014
M00144_P00210,1.0
M00144_P00211,1.0
M00144_P00219,1.0
M00144_P00221,6.241771
M00144_P00222,6.676515
M00144_P00232,5.879986
M00144_P00234,7.1279316
M00144_P00266,1.0
M00144_P00271,6.3813176
M00144_P00278,6.7626734
M00144_P00286,6.851859
M00145_P00241,1.0
M00145_P00244,1.0
M00145_P00245,6.292372
M00145_P00248,6.695624
M00145_P00255,7.03932
M00145_P00260,6.9838867
M00145_P01146,1.0
M00145_P01157,5.855535
M00145_P01166,6.2614174
M00145_P01169,6.055492
M00146_P00108,5.883876
M00146_P00110,1.0
M00146_P00114,1.0
M00146_P00124,1.0
M00146_P00129,6.096581
M00146_P00705,1.0
M00146_P00707,6.225586
M00146_P00716,1.0
M00146_P00718,1.0
M00146_P00724,6.2982574
M00146_P00728,6.419904
M00147_P00761,1.0
M00147_P00772,6.0590463
M00147_P00888,6.1555257
M00147_P00889,1.0
M00147_P00893,6.110908
M00147_P00894,1.0
M00147_P00895,1.0
M00147_P00901,1.0
M00147_P00909,6.6294417
M00148_P00345,6.057385
M00148_P00347,6.2346816
M00148_P00351,1.0
M00148_P00353,6.005834
M00148_P00359,6.040463
M00148_P00362,1.0
M00148_P00705,6.004564
M00148_P00707,6.2702518
M00148_P00716,6.2234426
M00148_P00718,1.0
M00148_P00724,6.0083337
M00148_P00728,1.0
M00149_P00625,6.1404233
M00149_P00630,1.0
M00149_P00632,6.4222965
M00149_P00635,6.378433
M00149_P00644,6.431262
M00149_P00645,1.0
M00149_P00650,6.7682767
M00149_P00940,1.0
M00149_P00948,1.0
M00149_P00950,6.4502764
M00149_P00951,1.0
M00149_P00959,1.0
M00149_P00962,7.122731
M00150_P00515,5.7633624
M00150_P00574,1.0
M00150_P00579,6.0194683
M00150_P00582,6.091256
M00150_P00584,6.685197
M00150_P00586,6.223487
M00150_P00590,7.212202
M00151_P00678,1.0
M00151_P00679,1.0
M00151_P00680,6.0269094
M00151_P00681,6.0743914
M00151_P00683,6.215623
M00151_P00694,6.288123
M00151_P00922,1.0
M00151_P00927,5.9653535
M00151_P00931,6.2271414
M00151_P00935,6.102772
M00152_P00368,1.0
M00152_P00372,6.6881385
M00152_P00378,5.818444
M00152_P00382,1.0
M00152_P00383,5.659432
M00152_P00807,6.3452654
M00152_P00812,1.0
M00152_P00819,6.0856423
M00152_P00826,6.297412
M00152_P00827,1.0
M00153_P00032,1.0
M00153_P00044,6.355643
M00153_P00045,6.104611
M00153_P00050,6.1053886
M00153_P00052,6.7280474
M00153_P00807,5.9894853
M00153_P00812,6.417062
M00153_P00819,1.0
M00153_P00826,6.2090425
M00153_P00827,1.0
M00154_P01099,1.0
M00154_P01107,5.83841
M00154_P01108,6.6851587
M00154_P01109,1.0
M00154_P01114,1.0
M00154_P01118,6.221285
M00154_P01146,1.0
M00154_P01157,6.032874
M00154_P01166,1.0
M00154_P01169,5.9336047
M00155_P00209,1.0
M00155_P00210,1.0
M00155_P00211,6.0935564
M00155_P00219,1.0
M00155_P00221,6.550285
M00155_P00222,6.1399374
M00155_P00232,6.064761
M00155_P00234,7.293325
M00155_P00761,1.0
M00155_P00772,5.974433
M00156_P00655,6.5692573
M00156_P00662,5.9443636
M00156_P00666,6.5843854
M00156_P00668,1.0
M00156_P00669,6.5801263
M00156_P00673,1.0
M00156_P00674,1.0
M00156_P00991,5.932077
M00156_P00993,1.0
M00156_P00997,5.976978
M00156_P01000,6.403768
M00156_P01010,1.0
M00157_P00136,1.0
M00157_P00141,7.320726
M00157_P00148,6.0132565
M00157_P00156,6.209341
M00157_P01099,6.618948
M00157_P01107,1.0
M00157_P01108,6.7611237
M00157_P01109,6.277188
M00157_P01114,6.309991
M00157_P01118,6.529983
M00158_P00287,5.964198
M00158_P00290,1.0
M00158_P00291,1.0
M00158_P00295,6.671788
M00158_P00297,6.0010257
M00158_P00298,6.040491
M00158_P00299,1.0
M00158_P00304,5.7330227
M00158_P00307,1.0
M00158_P00309,1.0
M00158_P00310,6.2558565
M00158_P00761,6.2240515
M00158_P00772,6.1342998
M00159_P00529,5.9145646
M00159_P00535,5.8829727
M00159_P00536,5.7181125
M00159_P00542,1.0
M00159_P00543,1.0
M00159_P00625,5.9828057
M00159_P00630,1.0
M00159_P00632,7.046114
M00159_P00635,1.0
M00159_P00644,1.0
M00159_P00645,6.604366
M00159_P00650,1.0
M00160_P00529,1.0
M00160_P00535,1.0
M00160_P00536,1.0
M00160_P00542,5.8953457
M00160_P00543,1.0
M00160_P00574,1.0
M00160_P00579,1.0
M00160_P00582,1.0
M00160_P00584,6.1319036
M00160_P00586,5.986065
M00160_P00590,6.8495355
M00161_P00443,6.423103
M00161_P00448,5.9920235
M00161_P00452,5.915781
M00161_P00462,1.0
M00161_P00463,1.0
M00161_P00465,5.9941483
M00161_P00468,6.698104
M00161_P00705,1.0
M00161_P00707,6.648233
M00161_P00716,6.2218943
M00161_P00718,7.1405926
M00161_P00724,1.0
M00161_P00728,6.5847063
M00162_P00032,6.2329645
M00162_P00044,6.306584
M00162_P00045,1.0
M00162_P00050,5.9576693
M00162_P00052,6.1084323
M00162_P00782,1.0
M00162_P00786,1.0
M00162_P00788,6.7987404
M00162_P00797,6.02744
M00162_P00803,6.170127
M00163_P00368,6.364974
M00163_P00372,6.9802623
M00163_P00378,1.0
M00163_P00382,6.2146487
M00163_P00383,6.0675864
M00163_P00574,5.9643755
M00163_P00579,1.0
M00163_P00582,1.0
M00163_P00584,6.079797
M00163_P00586,5.7880535
M00163_P00590,1.0
M00164_P00055,6.2172055
M00164_P00057,5.982878
M00164_P00059,1.0
M00164_P00064,1.0
M00164_P00066,7.0778112
M00164_P00071,6.274448
M00164_P00077,6.2151484
M00164_P01070,6.3211308
M00164_P01074,1.0
M00164_P01082,6.0630074
M00165_P00313,6.203117
M00165_P00324,1.0
M00165_P00329,6.2930055
M00165_P00333,1.0
M00165_P00334,6.2909775
M00165_P00391,6.4732947
M00165_P00399,1.0
M00165_P00410,6.7517605
M00165_P00416,1.0
M00166_P00209,1.0
M00166_P00210,1.0
M00166_P00211,6.1445355
M00166_P00219,5.935761
M00166_P00221,6.6885047
M00166_P00222,6.4829054
M00166_P00232,1.0
M00166_P00234,7.3844805
M00166_P00391,1.0
M00166_P00399,1.0
M00166_P00410,6.2773643
M00166_P00416,6.610642
M00167_P00345,5.9918313
M00167_P00347,6.5597568
M00167_P00351,1.0
M00167_P00353,5.737769
M00167_P00359,1.0
M00167_P00362,6.040788
M00167_P00940,6.289607
M00167_P00948,6.553017
M00167_P00950,6.466599
M00167_P00951,6.3597493
M00167_P00959,1.0
M00167_P00962,6.825404
M00168_P00266,6.0979133
M00168_P00271,1.0
M00168_P00278,6.5551205
M00168_P00286,1.0
M00168_P00611,5.778471
M00168_P00618,1.0
M00168_P00619,1.0
M00168_P00622,1.0
M00169_P00266,1.0
M00169_P00271,6.3969336
M00169_P00278,6.976324
M00169_P00286,1.0
M00169_P00529,5.987705
M00169_P00535,1.0
M00169_P00536,5.7697906
M00169_P00542,1.0
M00169_P00543,6.299761
M00170_P00515,1.0
M00170_P00965,1.0
M00170_P00966,6.054191
M00170_P00975,6.506959
M00170_P00978,6.3298545
M00170_P00980,6.250095
M00170_P00986,1.0
M00171_P00655,6.19005
M00171_P00662,1.0
M00171_P00666,6.1958103
M00171_P00668,1.0
M00171_P00669,6.7695804
M00171_P00673,1.0
M00171_P00674,5.9531302
M00171_P01201,6.313101
M00171_P01209,6.1747036
M00171_P01210,1.0
M00171_P01211,1.0
M00171_P01214,1.0
M00172_P00965,1.0
M00172_P00966,6.0421534
M00172_P00975,6.701564
M00172_P00978,1.0
M00172_P00980,6.129216
M00172_P00986,6.7799335
M00172_P01177,6.117485
M00172_P01182,1.0
M00172_P01184,6.1278276
M00172_P01193,1.0
M00172_P01196,6.742087
M00173_P00157,6.105052
M00173_P00159,1.0
M00173_P00164,6.5070558
M00173_P00169,5.9815693
M00173_P00171,6.303511
M00173_P00175,1.0
M00173_P01177,1.0
M00173_P01182,6.02877
M00173_P01184,1.0
M00173_P01193,6.1089892
M00173_P01196,1.0
M00174_P00991,1.0
M00174_P00993,5.7941875
M00174_P00997,1.0
M00174_P01000,1.0
M00174_P01010,6.622962
M00174_P01120,1.0
M00175_P00574,6.1285167
M00175_P00579,6.4231853
M00175_P00582,6.0566106
M00175_P00584,6.2940507
M00175_P00586,1.0
M00175_P00590,6.335252
M00175_P00922,1.0
M00175_P00927,1.0
M00175_P00931,6.2916355
M00175_P00935,6.423497
M00176_P00108,1.0
M00176_P00110,5.8588996
M00176_P00114,7.007335
M00176_P00124,5.982472
M00176_P00129,5.9097643
M00176_P00863,1.0
M00176_P00880,1.0
M00176_P00882,1.0
M00177_P00011,5.83039
M00177_P00024,6.2818704
M00177_P00705,1.0
M00177_P00707,6.0420113
M00177_P00716,6.3922067
M00177_P00718,6.9604707
M00177_P00724,1.0
M00177_P00728,1.0
M00178_P00611,1.0
M00178_P00618,1.0
M00178_P00619,6.2011275
M00178_P00622,5.8746896
M00178_P00705,6.185929
M00178_P00707,1.0
M00178_P00716,1.0
M00178_P00718,6.409419
M00178_P00724,1.0
M00178_P00728,1.0
M00179_P00241,1.0
M00179_P00244,1.0
M00179_P00245,1.0
M00179_P00248,6.2104187
M00179_P00255,6.6563416
M00179_P00260,1.0
M00179_P01177,6.46741
M00179_P01182,6.2027097
M00179_P01184,6.252326
M00179_P01193,1.0
M00179_P01196,1.0
M00180_P00863,6.3010983
M00180_P00880,1.0
M00180_P00882,1.0
M00180_P01201,1.0
M00180_P01209,6.2609005
M00180_P01210,1.0
M00180_P01211,6.7789745
M00180_P01214,6.3935943
M00181_P00888,1.0
M00181_P00889,6.197517
M00181_P00893,1.0
M00181_P00894,6.3156023
M00181_P00895,1.0
M00181_P00901,1.0
M00181_P00909,6.214603
M00181_P01020,6.4177713
M00181_P01034,5.8309975
M00181_P01037,5.785864
M00181_P01038,6.2996917
M00182_P00705,1.0
M00182_P00707,5.978315
M00182_P00716,6.369996
M00182_P00718,6.760708
M00182_P00724,6.000266
M00182_P00728,6.0739427
M00182_P00761,1.0
M00182_P00772,6.200738
M00183_P00391,1.0
M00183_P00399,1.0
M00183_P00410,6.209034
M00183_P00416,6.158225
M00183_P00529,1.0
M00183_P00535,1.0
M00183_P00536,1.0
M00183_P00542,1.0
M00183_P00543,6.7802434
M00184_P00391,6.234016
M00184_P00399,1.0
M00184_P00410,6.542554
M00184_P00416,6.490664
M00184_P00732,1.0
M00184_P00738,1.0
M00184_P00742,6.269138
M00184_P00744,1.0
M00184_P00747,1.0
M00184_P00753,6.078307
M00185_P00940,1.0
M00185_P00948,1.0
M00185_P00950,6.2656946
M00185_P00951,6.4716744
M00185_P00959,1.0
M00185_P00962,6.300449
M00185_P01041,1.0
M00185_P01042,1.0
M00185_P01048,6.3281965
M00185_P01049,6.3379855
M00185_P01051,6.287058
M00185_P01055,1.0
M00185_P01063,1.0
M00185_P01064,6.082076
M00186_P00032,6.256624
M00186_P00044,7.286395
M00186_P00045,1.0
M00186_P00050,1.0
M00186_P00052,1.0
M00186_P00549,6.2432446
M00186_P00552,6.2970243
M00186_P00554,1.0
M00186_P00561,1.0
M00186_P00562,5.993431
M00186_P00568,6.051564
M00187_P00287,1.0
M00187_P00290,5.9929132
M00187_P00291,6.3396597
M00187_P00295,6.332385
M00187_P00297,1.0
M00187_P00298,1.0
M00187_P00299,5.99184
M00187_P00304,6.2986984
M00187_P00307,1.0
M00187_P00309,1.0
M00187_P00310,6.1331916
M00187_P00835,5.812562
M00187_P00840,5.8344936
M00187_P00844,1.0
M00187_P00847,5.9695992
M00187_P00848,1.0
M00187_P00856,5.9413753
M00188_P00423,1.0
M00188_P00424,1.0
M00188_P00425,6.7689548
M00188_P00426,6.2599363
M00188_P00431,5.958515
M00188_P00436,6.279899
M00188_P00440,6.025622
M00188_P00574,1.0
M00188_P00579,1.0
M00188_P00582,5.8211064
M00188_P00584,6.3725157
M00188_P00586,5.7951126
M00188_P00590,6.8358064
M00189_P00011,1.0
M00189_P00024,5.883332
M00189_P00922,1.0
M00189_P00927,5.8144574
M00189_P00931,1.0
M00189_P00935,1.0
M00190_P00136,1.0
M00190_P00141,6.924986
M00190_P00148,6.217217
M00190_P00156,6.373323
M00190_P00423,1.0
M00190_P00424,1.0
M00190_P00425,6.117737
M00190_P00426,5.5767922
M00190_P00431,5.8991323
M00190_P00436,1.0
M00190_P00440,1.0
M00191_P00807,1.0
M00191_P00812,6.928768
M00191_P00819,1.0
M00191_P00826,6.1204095
M00191_P00827,1.0
M00191_P00940,1.0
M00191_P00948,1.0
M00191_P00950,1.0
M00191_P00951,1.0
M00191_P00959,6.1149116
M00191_P00962,1.0
M00192_P00782,6.332464
M00192_P00786,6.2439523
M00192_P00788,6.58845
M00192_P00797,1.0
M00192_P00803,6.9478674
M00192_P01146,6.2370763
M00192_P01157,6.412641
M00192_P01166,7.167641
M00192_P01169,1.0
M00193_P00032,6.6030254
M00193_P00044,6.461589
M00193_P00045,5.9797115
M00193_P00050,5.9251685
M00193_P00052,1.0
M00193_P00732,1.0
M00193_P00738,1.0
M00193_P00742,6.8269534
M00193_P00744,1.0
M00193_P00747,1.0
M00193_P00753,6.2490993
M00194_P00368,5.9499006
M00194_P00372,6.466827
M00194_P00378,1.0
M00194_P00382,1.0
M00194_P00383,1.0
M00194_P00678,1.0
M00194_P00679,1.0
M00194_P00680,6.0012712
M00194_P00681,5.805192
M00194_P00683,6.2541647
M00194_P00694,6.1006308
M00195_P00515,1.0
M00195_P01120,6.4294868
M00196_P00782,1.0
M00196_P00786,1.0
M00196_P00788,1.0
M00196_P00797,6.3030653
M00196_P00803,6.374113
M00196_P00940,5.8092923
M00196_P00948,6.1957426
M00196_P00950,1.0
M00196_P00951,1.0
M00196_P00959,1.0
M00196_P00962,6.997036
M00197_P00705,1.0
M00197_P00707,1.0
M00197_P00716,6.7230396
M00197_P00718,6.9025855
M00197_P00724,1.0
M00197_P00728,1.0
M00197_P00940,6.2434716
M00197_P00948,1.0
M00197_P00950,6.310444
M00197_P00951,6.844488
M00197_P00959,5.9250565
M00197_P00962,6.5562043
M00198_P00761,6.1629996
M00198_P00772,6.1493173
M00198_P01146,1.0
M00198_P01157,1.0
M00198_P01166,6.307733
M00198_P01169,1.0
M00199_P00368,1.0
M00199_P00372,1.0
M00199_P00378,1.0
M00199_P00382,6.1166186
M00199_P00383,1.0
M00199_P00423,1.0
M00199_P00424,6.022134
M00199_P00425,6.8254485
M00199_P00426,6.0608277
M00199_P00431,1.0
M00199_P00436,6.3698206
M00199_P00440,1.0
M00200_P00185,1.0
M00200_P00193,1.0
M00200_P00197,5.8924217
M00200_P00199,5.8610563
M00200_P00200,5.9367185
M00200_P00529,1.0
M00200_P00535,5.8478174
M00200_P00536,1.0
M00200_P00542,1.0
M00200_P00543,5.9781995
M00201_P00313,1.0
M00201_P00324,6.455896
M00201_P00329,1.0
M00201_P00333,1.0
M00201_P00334,6.3283887
M00201_P00368,6.0565267
M00201_P00372,6.870323
M00201_P00378,6.10311
M00201_P00382,5.830048
M00201_P00383,6.166691
M00202_P00443,6.1386538
M00202_P00448,6.2406235
M00202_P00452,1.0
M00202_P00462,6.3067813
M00202_P00463,1.0
M00202_P00465,6.276483
M00202_P00468,1.0
M00202_P01223,1.0
M00202_P01234,6.402522
M00202_P01236,5.9031644
M00202_P01241,6.0737653
M00202_P01242,1.0
M00203_P00157,1.0
M00203_P00159,1.0
M00203_P00164,1.0
M00203_P00169,6.160083
M00203_P00171,1.0
M00203_P00175,6.4162555
M00203_P00345,6.121259
M00203_P00347,6.8161845
M00203_P00351,6.044577
M00203_P00353,1.0
M00203_P00359,1.0
M00203_P00362,6.301468
M00204_P00287,1.0
M00204_P00290,6.190676
M00204_P00291,1.0
M00204_P00295,7.4996166
M00204_P00297,5.958249
M00204_P00298,1.0
M00204_P00299,6.271202
M00204_P00304,6.522835
M00204_P00307,1.0
M00204_P00309,6.3321214
M00204_P00310,1.0
M00204_P00611,1.0
M00204_P00618,5.9484386
M00204_P00619,1.0
M00204_P00622,6.1494136
M00205_P00888,1.0
M00205_P00889,1.0
M00205_P00893,6.0816607
M00205_P00894,6.5284414
M00205_P00895,5.9885592
M00205_P00901,6.593448
M00205_P00909,1.0
M00205_P01177,1.0
M00205_P01182,6.4010396
M00205_P01184,6.127939
M00205_P01193,6.266072
M00205_P01196,1.0
M00206_P00055,1.0
M00206_P00057,6.173605
M00206_P00059,1.0
M00206_P00064,6.024069
M00206_P00066,6.7026153
M00206_P00071,6.1961036
M00206_P00077,6.5872936
M00206_P00108,5.8242555
M00206_P00110,6.284097
M00206_P00114,7.207084
M00206_P00124,1.0
M00206_P00129,5.881443
M00207_P00209,1.0
M00207_P00210,6.720546
M00207_P00211,1.0
M00207_P00219,1.0
M00207_P00221,6.0274763
M00207_P00222,6.13339
M00207_P00232,1.0
M00207_P00234,1.0
M00207_P01146,1.0
M00207_P01157,1.0
M00207_P01166,6.3097386
M00207_P01169,5.9832554
M00208_P00011,6.0936365
M00208_P00024,1.0
M00208_P00157,6.2297297
M00208_P00159,1.0
M00208_P00164,6.647802
M00208_P00169,5.959194
M00208_P00171,1.0
M00208_P00175,1.0
M00209_P00782,6.354391
M00209_P00786,1.0
M00209_P00788,1.0
M00209_P00797,6.207728
M00209_P00803,1.0
M00209_P00807,6.143141
M00209_P00812,6.99768
M00209_P00819,6.2205606
M00209_P00826,6.050989
M00209_P00827,6.5271754
M00210_P00079,1.0
M00210_P00082,6.2258425
M00210_P00087,5.809742
M00210_P00097,6.1812162
M00210_P00102,1.0
M00210_P00287,1.0
M00210_P00290,5.9826856
M00210_P00291,5.992633
M00210_P00295,6.963082
M00210_P00297,1.0
M00210_P00298,5.9723616
M00210_P00299,6.0243044
M00210_P00304,1.0
M00210_P00307,1.0
M00210_P00309,1.0
M00210_P00310,1.0
M00211_P00108,1.0
M00211_P00110,6.2580295
M00211_P00114,7.01177
M00211_P00124,1.0
M00211_P00129,6.0689692
M00211_P00185,1.0
M00211_P00193,6.201321
M00211_P00197,1.0
M00211_P00199,1.0
M00211_P00200,5.977627
M00212_P00108,6.1992664
M00212_P00110,5.97108
M00212_P00114,1.0
M00212_P00124,6.2777357
M00212_P00129,5.9077587
M00212_P00965,1.0
M00212_P00966,6.0831976
M00212_P00975,1.0
M00212_P00978,7.126077
M00212_P00980,6.7626853
M00212_P00986,7.010302
M00213_P00241,5.9857416
M00213_P00244,5.798304
M00213_P00245,1.0
M00213_P00248,1.0
M00213_P00255,1.0
M00213_P00260,6.4652743
M00213_P00266,6.30154
M00213_P00271,6.3537
M00213_P00278,6.6538806
M00213_P00286,1.0
M00214_P00136,7.2234187
M00214_P00141,1.0
M00214_P00148,1.0
M00214_P00156,6.384619
M00214_P00423,1.0
M00214_P00424,5.8978076
M00214_P00425,6.1571393
M00214_P00426,1.0
M00214_P00431,6.0333943
M00214_P00436,1.0
M00214_P00440,6.056171
M00215_P00991,6.179673
M00215_P00993,1.0
M00215_P00997,5.94852
M00215_P01000,6.178586
M00215_P01010,1.0
M00215_P01020,6.9525485
M00215_P01034,1.0
M00215_P01037,1.0
M00215_P01038,6.0403023
M00216_P00625,1.0
M00216_P00630,6.1057367
M00216_P00632,1.0
M00216_P00635,6.4824715
M00216_P00644,6.375907
M00216_P00645,1.0
M00216_P00650,6.7241893
M00216_P00863,1.0
M00216_P00880,6.1168513
M00216_P00882,1.0
M00217_P00515,1.0
M00217_P00991,5.918553
M00217_P00993,5.549195
M00217_P00997,6.303762
M00217_P01000,6.2624445
M00217_P01010,1.0
M00218_P00940,1.0
M00218_P00948,6.1232295
M00218_P00950,6.7837358
M00218_P00951,6.5714
M00218_P00959,5.7327833
M00218_P00962,1.0
M00218_P01041,1.0
M00218_P01042,6.7755733
M00218_P01048,1.0
M00218_P01049,6.7198014
M00218_P01051,6.2500496
M00218_P01055,6.2282734
M00218_P01063,1.0
M00218_P01064,6.126194
M00219_P00345,6.0148582
M00219_P00347,6.043357
M00219_P00351,6.223872
M00219_P00353,1.0
M00219_P00359,6.290322
M00219_P00362,5.7732773
M00219_P01070,1.0
M00219_P01074,1.0
M00219_P01082,1.0
M00220_P00136,1.0
M00220_P00141,6.3110056
M00220_P00148,5.952862
M00220_P00156,6.3592505
M00220_P01099,6.2602396
M00220_P01107,1.0
M00220_P01108,1.0
M00220_P01109,6.59599
M00220_P01114,6.9257393
M00220_P01118,1.0
M00221_P00287,1.0
M00221_P00290,5.8716764
M00221_P00291,6.3739114
M00221_P00295,1.0
M00221_P00297,1.0
M00221_P00298,5.7789545
M00221_P00299,5.925599
M00221_P00304,5.729628
M00221_P00307,6.173195
M00221_P00309,6.021192
M00221_P00310,6.3026047
M00221_P00940,1.0
M00221_P00948,6.366028
M00221_P00950,6.524137
M00221_P00951,6.426875
M00221_P00959,1.0
M00221_P00962,1.0
M00222_P00011,6.123244
M00222_P00024,1.0
M00222_P00705,5.9717827
M00222_P00707,1.0
M00222_P00716,6.082299
M00222_P00718,1.0
M00222_P00724,6.166696
M00222_P00728,6.5251374
M00223_P00055,1.0
M00223_P00057,1.0
M00223_P00059,6.4322214
M00223_P00064,6.0279193
M00223_P00066,7.4141464
M00223_P00071,1.0
M00223_P00077,6.4599257
M00223_P00478,5.8532743
M00223_P00479,1.0
M00223_P00486,6.0536976
M00223_P00491,1.0
M00224_P00478,6.1953845
M00224_P00479,1.0
M00224_P00486,1.0
M00224_P00491,1.0
M00224_P01177,6.131049
M00224_P01182,1.0
M00224_P01184,1.0
M00224_P01193,1.0
M00224_P01196,6.55458
M00225_P00108,6.08845
M00225_P00110,6.05811
M00225_P00114,6.9475994
M00225_P00124,5.9482183
M00225_P00129,6.0714703
M00225_P01146,6.1178718
M00225_P01157,6.2009664
M00225_P01166,1.0
M00225_P01169,6.1796837
M00226_P00965,1.0
M00226_P00966,5.6271353
M00226_P00975,6.4720235
M00226_P00978,1.0
M00226_P00980,6.0350685
M00226_P00986,1.0
M00226_P01041,6.233249
M00226_P01042,1.0
M00226_P01048,1.0
M00226_P01049,1.0
M00226_P01051,6.0797005
M00226_P01055,6.047969
M00226_P01063,6.094918
M00226_P01064,1.0
M00227_P00185,1.0
M00227_P00193,1.0
M00227_P00197,6.073204
M00227_P00199,6.0342536
M00227_P00200,1.0
M00227_P00705,5.709502
M00227_P00707,1.0
M00227_P00716,6.184929
M00227_P00718,1.0
M00227_P00724,5.8248215
M00227_P00728,6.351363
M00228_P00241,1.0
M00228_P00244,5.793155
M00228_P00245,6.509153
M00228_P00248,6.475222
M00228_P00255,1.0
M00228_P00260,6.4214144
M00228_P01070,1.0
M00228_P01074,6.1697946
M00228_P01082,1.0
M00229_P00079,1.0
M00229_P00082,1.0
M00229_P00087,5.8546076
M00229_P00097,6.2477274
M00229_P00102,1.0
M00229_P00108,1.0
M00229_P00110,5.824559
M00229_P00114,7.0243273
M00229_P00124,6.204728
M00229_P00129,5.9826493
M00230_P00940,5.8860183
M00230_P00948,6.018017
M00230_P00950,1.0
M00230_P00951,6.3639235
M00230_P00959,5.9575644
M00230_P00962,6.376052
M00230_P00991,1.0
M00230_P00993,5.691024
M00230_P00997,5.9551067
M00230_P01000,6.4703217
M00230_P01010,1.0
M00231_P00185,6.125949
M00231_P00193,1.0
M00231_P00197,6.0015526
M00231_P00199,6.417988
M00231_P00200,5.901417
M00231_P00782,6.358902
M00231_P00786,5.876929
M00231_P00788,1.0
M00231_P00797,6.3306394
M00231_P00803,6.0746913
M00232_P00655,6.768789
M00232_P00662,1.0
M00232_P00666,1.0
M00232_P00668,1.0
M00232_P00669,1.0
M00232_P00673,7.003436
M00232_P00674,6.215943
M00232_P01146,1.0
M00232_P01157,1.0
M00232_P01166,6.7977057
M00232_P01169,5.9898176
M00233_P00136,6.773653
M00233_P00141,6.9075193
M00233_P00148,6.4484625
M00233_P00156,6.5508585
M00233_P00732,6.162826
M00233_P00738,6.1871805
M00233_P00742,1.0
M00233_P00744,6.074185
M00233_P00747,7.08306
M00233_P00753,6.302758
M00234_P00529,6.079028
M00234_P00535,5.9259667
M00234_P00536,6.126366
M00234_P00542,1.0
M00234_P00543,1.0
M00234_P00705,1.0
M00234_P00707,1.0
M00234_P00716,6.393674
M00234_P00718,6.734984
M00234_P00724,5.881055
M00234_P00728,1.0
M00235_P00032,6.912043
M00235_P00044,1.0
M00235_P00045,5.7930527
M00235_P00050,5.6924467
M00235_P00052,1.0
M00235_P00157,1.0
M00235_P00159,6.3619027
M00235_P00164,1.0
M00235_P00169,6.0332203
M00235_P00171,6.408965
M00235_P00175,1.0
M00236_P00443,1.0
M00236_P00448,1.0
M00236_P00452,5.8046246
M00236_P00462,6.053206
M00236_P00463,1.0
M00236_P00465,6.100896
M00236_P00468,6.4774795
M00236_P01120,6.147935
M00237_P00287,1.0
M00237_P00290,5.960862
M00237_P00291,5.6559362
M00237_P00295,1.0
M00237_P00297,1.0
M00237_P00298,5.902191
M00237_P00299,5.8432317
M00237_P00304,6.1201453
M00237_P00307,6.637185
M00237_P00309,1.0
M00237_P00310,1.0
M00237_P00807,1.0
M00237_P00812,7.6321545
M00237_P00819,6.0722737
M00237_P00826,6.3810563
M00237_P00827,1.0
M00238_P00287,6.1322927
M00238_P00290,1.0
M00238_P00291,5.8598213
M00238_P00295,1.0
M00238_P00297,5.9915447
M00238_P00298,6.070146
M00238_P00299,5.862662
M00238_P00304,5.80291
M00238_P00307,1.0
M00238_P00309,1.0
M00238_P00310,6.1548214
M00238_P00443,1.0
M00238_P00448,1.0
M00238_P00452,6.069957
M00238_P00462,1.0
M00238_P00463,6.555533
M00238_P00465,1.0
M00238_P00468,6.4071918
M00239_P00807,1.0
M00239_P00812,6.812711
M00239_P00819,6.025918
M00239_P00826,6.6899195
M00239_P00827,6.2345023
M00239_P01041,6.169438
M00239_P01042,1.0
M00239_P01048,1.0
M00239_P01049,6.964579
M00239_P01051,6.512507
M00239_P01055,1.0
M00239_P01063,1.0
M00239_P01064,5.836664
M00240_P00574,1.0
M00240_P00579,6.1802125
M00240_P00582,6.158284
M00240_P00584,6.2624617
M00240_P00586,1.0
M00240_P00590,6.6330705
M00240_P00705,1.0
M00240_P00707,1.0
M00240_P00716,1.0
M00240_P00718,6.8318086
M00240_P00724,6.078197
M00240_P00728,6.3726406
M00241_P00157,1.0
M00241_P00159,6.0001183
M00241_P00164,6.232435
M00241_P00169,5.783023
M00241_P00171,6.0743923
M00241_P00175,6.1796446
M00241_P01099,1.0
M00241_P01107,1.0
M00241_P01108,6.2544365
M00241_P01109,1.0
M00241_P01114,6.4826646
M00241_P01118,6.9066963
M00242_P00678,6.25899
M00242_P00679,1.0
M00242_P00680,5.834731
M00242_P00681,1.0
M00242_P00683,5.850954
M00242_P00694,6.419957
M00242_P01177,6.565187
M00242_P01182,5.93037
M00242_P01184,6.3246245
M00242_P01193,6.440954
M00242_P01196,6.4157968
M00243_P00655,6.215046
M00243_P00662,1.0
M00243_P00666,6.273245
M00243_P00668,1.0
M00243_P00669,6.4189906
M00243_P00673,1.0
M00243_P00674,1.0
M00243_P01099,1.0
M00243_P01107,6.129142
M00243_P01108,6.8685694
M00243_P01109,1.0
M00243_P01114,1.0
M00243_P01118,6.766861
M00244_P00136,1.0
M00244_P00141,6.82869
M00244_P00148,1.0
M00244_P00156,1.0
M00244_P00761,6.4861107
M00244_P00772,1.0
M00245_P00185,1.0
M00245_P00193,6.2738194
M00245_P00197,1.0
M00245_P00199,1.0
M00245_P00200,5.969153
M00245_P00529,1.0
M00245_P00535,5.960246
M00245_P00536,1.0
M00245_P00542,1.0
M00245_P00543,1.0
M00246_P00011,5.9673924
M00246_P00024,6.2410827
M00246_P00835,6.279997
M00246_P00840,1.0
M00246_P00844,6.070712
M00246_P00847,1.0
M00246_P00848,6.216712
M00246_P00856,6.4760222
M00247_P00079,1.0
M00247_P00082,6.4672723
M00247_P00087,5.9427323
M00247_P00097,6.514534
M00247_P00102,1.0
M00247_P00678,1.0
M00247_P00679,1.0
M00247_P00680,5.7412376
M00247_P00681,6.022602
M00247_P00683,1.0
M00247_P00694,1.0
M00248_P00807,1.0
M00248_P00812,1.0
M00248_P00819,1.0
M00248_P00826,6.3927684
M00248_P00827,6.7679377
M00248_P01020,6.736163
M00248_P01034,5.861797
M00248_P01037,1.0
M00248_P01038,1.0
M00249_P00079,1.0
M00249_P00082,1.0
M00249_P00087,1.0
M00249_P00097,6.096938
M00249_P00102,5.9538617
M00249_P00368,1.0
M00249_P00372,1.0
M00249_P00378,6.0604353
M00249_P00382,5.918881
M00249_P00383,1.0
M00250_P00478,6.2507806
M00250_P00479,6.3674517
M00250_P00486,1.0
M00250_P00491,6.1690083
M00250_P00761,1.0
M00250_P00772,5.998131
M00251_P00032,1.0
M00251_P00044,1.0
M00251_P00045,1.0
M00251_P00050,5.9506373
M00251_P00052,6.3611255
M00251_P00185,1.0
M00251_P00193,1.0
M00251_P00197,5.9040523
M00251_P00199,1.0
M00251_P00200,1.0
M00252_P00266,1.0
M00252_P00271,6.005285
M00252_P00278,6.755883
M00252_P00286,6.670736
M00252_P01177,1.0
M00252_P01182,5.7152514
M00252_P01184,6.1257915
M00252_P01193,5.879383
M00252_P01196,6.8525333
M00253_P00678,1.0
M00253_P00679,1.0
M00253_P00680,6.373129
M00253_P00681,1.0
M00253_P00683,6.716737
M00253_P00694,6.2898903
M00253_P00922,6.1923356
M00253_P00927,1.0
M00253_P00931,1.0
M00253_P00935,6.686542
M00254_P00185,6.3890095
M00254_P00193,6.086568
M00254_P00197,6.3494706
M00254_P00199,1.0
M00254_P00200,5.953816
M00254_P00782,1.0
M00254_P00786,6.0230722
M00254_P00788,6.6034627
M00254_P00797,6.442397
M00254_P00803,6.3669567
M00255_P00807,1.0
M00255_P00812,7.0901537
M00255_P00819,6.0746346
M00255_P00826,6.718401
M00255_P00827,6.3497458
M00255_P01201,1.0
M00255_P01209,6.358183
M00255_P01210,6.1086226
M00255_P01211,1.0
M00255_P01214,1.0
M00256_P00678,1.0
M00256_P00679,1.0
M00256_P00680,6.1018806
M00256_P00681,5.9600034
M00256_P00683,1.0
M00256_P00694,1.0
M00256_P00807,1.0
M00256_P00812,1.0
M00256_P00819,6.243281
M00256_P00826,6.4157414
M00256_P00827,6.4462767
M00257_P00761,5.8989854
M00257_P00772,6.2100186
M00257_P00940,5.7709694
M00257_P00948,1.0
M00257_P00950,1.0
M00257_P00951,1.0
M00257_P00959,6.136508
M00257_P00962,6.546123
M00258_P00313,6.006168
M00258_P00324,6.900916
M00258_P00329,6.0255847
M00258_P00333,6.669927
M00258_P00334,6.6148143
M00258_P01020,7.313045
M00258_P01034,5.867565
M00258_P01037,1.0
M00258_P01038,1.0
M00259_P00108,5.9894166
M00259_P00110,1.0
M00259_P00114,7.1811037
M00259_P00124,6.1192136
M00259_P00129,6.1137924
M00259_P00478,5.8719864
M00259_P00479,6.099362
M00259_P00486,1.0
M00259_P00491,1.0
M00260_P00549,1.0
M00260_P00552,1.0
M00260_P00554,6.005923
M00260_P00561,6.568652
M00260_P00562,5.9081244
M00260_P00568,5.937726
M00260_P00863,1.0
M00260_P00880,1.0
M00260_P00882,7.5757837
M00261_P00478,1.0
M00261_P00479,1.0
M00261_P00486,6.4903436
M00261_P00491,5.9561977
M00261_P01223,1.0
M00261_P01234,6.6320453
M00261_P01236,5.813979
M00261_P01241,1.0
M00261_P01242,1.0
M00262_P00241,6.0629745
M00262_P00244,6.159012
M00262_P00245,6.1993146
M00262_P00248,6.6485147
M00262_P00255,7.172155
M00262_P00260,1.0
M00262_P00761,6.208056
M00262_P00772,6.02091
M00263_P00549,1.0
M00263_P00552,1.0
M00263_P00554,1.0
M00263_P00561,1.0
M00263_P00562,1.0
M00263_P00568,6.2408185
M00263_P00574,6.18872
M00263_P00579,6.13171
M00263_P00582,1.0
M00263_P00584,6.2419996
M00263_P00586,5.9628024
M00263_P00590,6.637967
M00264_P00529,6.2950315
M00264_P00535,1.0
M00264_P00536,6.055461
M00264_P00542,1.0
M00264_P00543,1.0
M00264_P00761,6.4154205
M00264_P00772,5.882945
M00265_P00625,6.449888
M00265_P00630,5.692345
M00265_P00632,1.0
M00265_P00635,1.0
M00265_P00644,6.2516565
M00265_P00645,7.0633006
M00265_P00650,1.0
M00265_P00940,5.656884
M00265_P00948,6.225022
M00265_P00950,6.4021664
M00265_P00951,6.5422
M00265_P00959,6.581165
M00265_P00962,7.0613933
M00266_P00055,6.202417
M00266_P00057,6.3557734
M00266_P00059,1.0
M00266_P00064,1.0
M00266_P00066,7.062453
M00266_P00071,6.072886
M00266_P00077,6.1444254
M00266_P00549,1.0
M00266_P00552,1.0
M00266_P00554,6.2365174
M00266_P00561,7.096998
M00266_P00562,6.096825
M00266_P00568,1.0
M00267_P00625,1.0
M00267_P00630,1.0
M00267_P00632,6.2999086
M00267_P00635,5.8646736
M00267_P00644,1.0
M00267_P00645,1.0
M00267_P00650,6.185102
M00267_P01177,1.0
M00267_P01182,5.866984
M00267_P01184,5.99148
M00267_P01193,6.0521665
M00267_P01196,6.1972456
M00268_P00055,6.080491
M00268_P00057,5.976215
M00268_P00059,1.0
M00268_P00064,6.2239175
M00268_P00066,7.2202706
M00268_P00071,6.245576
M00268_P00077,6.153808
M00268_P00807,1.0
M00268_P00812,7.3195324
M00268_P00819,1.0
M00268_P00826,6.470748
M00268_P00827,6.5457397
M00269_P00157,6.256426
M00269_P00159,1.0
M00269_P00164,1.0
M00269_P00169,6.0560536
M00269_P00171,7.0971713
M00269_P00175,6.3658023
M00269_P00761,6.0797734
M00269_P00772,5.7537446
M00270_P00011,5.8912807
M00270_P00024,5.9940248
M00270_P01223,6.0395226
M00270_P01234,6.177746
M00270_P01236,1.0
M00270_P01241,6.554792
M00270_P01242,6.246659
M00271_P00241,5.9983864
M00271_P00244,5.9641013
M00271_P00245,5.8558745
M00271_P00248,5.746169
M00271_P00255,7.0860667
M00271_P00260,6.489526
M00271_P01070,6.0412893
M00271_P01074,6.1118107
M00271_P01082,6.0419893
M00272_P00423,6.629893
M00272_P00424,5.977505
M00272_P00425,1.0
M00272_P00426,5.9496617
M00272_P00431,1.0
M00272_P00436,6.379038
M00272_P00440,5.833867
M00272_P00574,1.0
M00272_P00579,6.280157
M00272_P00582,1.0
M00272_P00584,6.2916055
M00272_P00586,1.0
M00272_P00590,6.8663263
M00273_P00136,6.8669558
M00273_P00141,1.0
M00273_P00148,5.7133927
M00273_P00156,1.0
M00273_P01070,6.126038
M00273_P01074,6.718418
M00273_P01082,1.0
M00274_P00529,6.086884
M00274_P00535,1.0
M00274_P00536,1.0
M00274_P00542,6.481002
M00274_P00543,6.2068906
M00274_P01070,5.879971
M00274_P01074,6.430485
M00274_P01082,5.884402
M00275_P00055,1.0
M00275_P00057,5.9410424
M00275_P00059,5.7315426
M00275_P00064,1.0
M00275_P00066,6.8571453
M00275_P00071,6.043905
M00275_P00077,1.0
M00275_P00888,1.0
M00275_P00889,5.7556243
M00275_P00893,5.962024
M00275_P00894,6.0134535
M00275_P00895,1.0
M00275_P00901,7.496003
M00275_P00909,6.7486663
M00276_P00391,1.0
M00276_P00399,6.6164727
M00276_P00410,6.838618
M00276_P00416,6.309234
M00276_P01070,1.0
M00276_P01074,1.0
M00276_P01082,6.2951
M00277_P00136,7.071146
M00277_P00141,6.817177
M00277_P00148,1.0
M00277_P00156,6.4059305
M00277_P00368,6.0183253
M00277_P00372,6.3669806
M00277_P00378,1.0
M00277_P00382,1.0
M00277_P00383,1.0
M00278_P01041,6.0384583
M00278_P01042,1.0
M00278_P01048,6.465153
M00278_P01049,6.750044
M00278_P01051,1.0
M00278_P01055,6.230701
M00278_P01063,1.0
M00278_P01064,5.970574
M00278_P01201,5.992767
M00278_P01209,5.8715053
M00278_P01210,5.906897
M00278_P01211,1.0
M00278_P01214,5.868693
M00279_P00266,1.0
M00279_P00271,6.299446
M00279_P00278,6.783894
M00279_P00286,6.593778
M00279_P01177,1.0
M00279_P01182,1.0
M00279_P01184,6.1945467
M00279_P01193,6.315581
M00279_P01196,6.3704166
M00280_P00055,1.0
M00280_P00057,5.973247
M00280_P00059,6.098818
M00280_P00064,6.1805854
M00280_P00066,6.9349256
M00280_P00071,1.0
M00280_P00077,1.0
M00280_P00549,1.0
M00280_P00552,1.0
M00280_P00554,6.175527
M00280_P00561,1.0
M00280_P00562,6.1271605
M00280_P00568,1.0
M00281_P00478,5.9202075
M00281_P00479,6.921102
M00281_P00486,6.1563234
M00281_P00491,6.1713877
M00281_P00611,1.0
M00281_P00618,1.0
M00281_P00619,6.180063
M00281_P00622,1.0
M00282_P00241,1.0
M00282_P00244,5.80267
M00282_P00245,6.3656664
M00282_P00248,1.0
M00282_P00255,6.377901
M00282_P00260,1.0
M00282_P00423,6.9598308
M00282_P00424,6.0359344
M00282_P00425,6.0420713
M00282_P00426,6.319556
M00282_P00431,5.8500285
M00282_P00436,1.0
M00282_P00440,6.077222
M00283_P00940,1.0
M00283_P00948,6.2703876
M00283_P00950,6.9096036
M00283_P00951,1.0
M00283_P00959,6.215968
M00283_P00962,6.5215344
M00283_P01146,1.0
M00283_P01157,5.8981566
M00283_P01166,6.492248
M00283_P01169,1.0
M00284_P00266,6.0107064
M00284_P00271,6.4010935
M00284_P00278,6.7907505
M00284_P00286,1.0
M00284_P00313,1.0
M00284_P00324,1.0
M00284_P00329,5.855817
M00284_P00333,6.2898173
M00284_P00334,5.889151
M00285_P01020,6.7745686
M00285_P01034,1.0
M00285_P01037,6.245854
M00285_P01038,6.210485
M00285_P01146,1.0
M00285_P01157,6.007954
M00285_P01166,6.6706862
M00285_P01169,5.8338356
M00286_P00241,6.2273493
M00286_P00244,5.797257
M00286_P00245,1.0
M00286_P00248,6.0913258
M00286_P00255,1.0
M00286_P00260,7.0556517
M00286_P00965,1.0
M00286_P00966,5.8535247
M00286_P00975,6.6236677
M00286_P00978,1.0
M00286_P00980,6.216438
M00286_P00986,1.0
M00287_P00423,6.7509503
M00287_P00424,5.9253564
M00287_P00425,1.0
M00287_P00426,5.997608
M00287_P00431,1.0
M00287_P00436,1.0
M00287_P00440,5.819325
M00287_P01041,1.0
M00287_P01042,6.7560687
M00287_P01048,6.5091114
M00287_P01049,7.1928196
M00287_P01051,1.0
M00287_P01055,1.0
M00287_P01063,1.0
M00287_P01064,1.0
M00288_P00011,1.0
M00288_P00024,1.0
M00288_P01099,6.2269554
M00288_P01107,5.971288
M00288_P01108,6.681811
M00288_P01109,6.620228
M00288_P01114,1.0
M00288_P01118,6.1460094
M00289_P00888,1.0
M00289_P00889,6.1570034
M00289_P00893,6.049621
M00289_P00894,6.4862194
M00289_P00895,6.9922934
M00289_P00901,7.1899486
M00289_P00909,1.0
M00289_P01120,5.971025
M00290_P00574,6.0197625
M00290_P00579,1.0
M00290_P00582,1.0
M00290_P00584,6.229142
M00290_P00586,5.9534845
M00290_P00590,6.435154
M00290_P00732,5.9421463
M00290_P00738,5.911884
M00290_P00742,6.135904
M00290_P00744,5.7294154
M00290_P00747,1.0
M00290_P00753,6.111185
M00291_P00705,6.61292
M00291_P00707,1.0
M00291_P00716,6.243993
M00291_P00718,6.047833
M00291_P00724,6.052329
M00291_P00728,1.0
M00291_P01041,1.0
M00291_P01042,6.6212125
M00291_P01048,6.334461
M00291_P01049,6.494737
M00291_P01051,5.9466696
M00291_P01055,1.0
M00291_P01063,6.0635633
M00291_P01064,5.8834352
M00292_P00515,6.112222
M00292_P00761,6.604347
M00292_P00772,6.008208
M00293_P00157,1.0
M00293_P00159,6.492813
M00293_P00164,6.560372
M00293_P00169,5.9212294
M00293_P00171,1.0
M00293_P00175,6.533031
M00293_P00782,1.0
M00293_P00786,1.0
M00293_P00788,6.512169
M00293_P00797,6.4513435
M00293_P00803,6.671913
M00294_P00574,1.0
M00294_P00579,6.1044655
M00294_P00582,1.0
M00294_P00584,6.6253424
M00294_P00586,1.0
M00294_P00590,6.131261
M00294_P00940,5.7805843
M00294_P00948,5.9760737
M00294_P00950,6.78974
M00294_P00951,6.7084193
M00294_P00959,5.896047
M00294_P00962,1.0
M00295_P00478,6.175744
M00295_P00479,6.807676
M00295_P00486,6.3128433
M00295_P00491,6.386951
M00295_P01146,1.0
M00295_P01157,6.32758
M00295_P01166,6.739071
M00295_P01169,1.0
M00296_P00011,6.117974
M00296_P00024,1.0
M00296_P00443,6.187302
M00296_P00448,6.0144577
M00296_P00452,5.8392005
M00296_P00462,6.4792585
M00296_P00463,6.101913
M00296_P00465,6.212295
M00296_P00468,1.0
M00297_P00807,1.0
M00297_P00812,6.912414
M00297_P00819,1.0
M00297_P00826,6.4331183
M00297_P00827,6.7495265
M00297_P00991,1.0
M00297_P00993,5.897274
M00297_P00997,6.047531
M00297_P01000,6.008096
M00297_P01010,6.545107
M00298_P00574,1.0
M00298_P00579,6.2894835
M00298_P00582,1.0
M00298_P00584,6.368898
M00298_P00586,5.9518375
M00298_P00590,1.0
M00298_P00991,1.0
M00298_P00993,1.0
M00298_P00997,6.218691
M00298_P01000,1.0
M00298_P01010,6.3469944
M00299_P00423,6.761491
M00299_P00424,5.9554834
M00299_P00425,1.0
M00299_P00426,1.0
M00299_P00431,5.8950095
M00299_P00436,5.966579
M00299_P00440,6.0060024
M00299_P01020,6.5485106
M00299_P01034,1.0
M00299_P01037,1.0
M00299_P01038,5.900579
M00300_P00157,1.0
M00300_P00159,5.982205
M00300_P00164,1.0
M00300_P00169,6.126364
M00300_P00171,1.0
M00300_P00175,6.092561
M00300_P01041,6.1398015
M00300_P01042,1.0
M00300_P01048,6.2400684
M00300_P01049,7.004717
M00300_P01051,6.614739
M00300_P01055,6.079214
M00300_P01063,5.927697
M00300_P01064,1.0
M00301_P00515,1.0
M00301_P00761,6.104954
M00301_P00772,1.0
M00302_P00209,1.0
M00302_P00210,6.1378546
M00302_P00211,1.0
M00302_P00219,5.944722
M00302_P00221,1.0
M00302_P00222,1.0
M00302_P00232,1.0
M00302_P00234,6.972103
M00302_P01201,6.2037425
M00302_P01209,5.7466846
M00302_P01210,1.0
M00302_P01211,6.7686434
M00302_P01214,5.900474
M00303_P00529,6.0120707
M00303_P00535,5.9842563
M00303_P00536,5.897123
M00303_P00542,5.9792233
M00303_P00543,6.1502905
M00303_P00705,6.1231375
M00303_P00707,6.696269
M00303_P00716,1.0
M00303_P00718,1.0
M00303_P00724,6.0243654
M00303_P00728,6.250919
M00304_P00209,6.1548276
M00304_P00210,1.0
M00304_P00211,1.0
M00304_P00219,1.0
M00304_P00221,6.1909733
M00304_P00222,6.5337715
M00304_P00232,1.0
M00304_P00234,1.0
M00304_P00922,6.3551526
M00304_P00927,6.0063853
M00304_P00931,6.2434993
M00304_P00935,1.0
M00305_P00266,5.999494
M00305_P00271,1.0
M00305_P00278,6.8574166
M00305_P00286,6.1557107
M00305_P00443,1.0
M00305_P00448,6.6019955
M00305_P00452,5.9977107
M00305_P00462,6.5816517
M00305_P00463,1.0
M00305_P00465,1.0
M00305_P00468,6.3164372
M00306_P00549,6.3175073
M00306_P00552,6.0592456
M00306_P00554,6.386657
M00306_P00561,7.395432
M00306_P00562,5.948942
M00306_P00568,1.0
M00306_P01223,1.0
M00306_P01234,1.0
M00306_P01236,5.880335
M00306_P01241,1.0
M00306_P01242,6.244449
M00307_P00108,1.0
M00307_P00110,1.0
M00307_P00114,7.311982
M00307_P00124,1.0
M00307_P00129,1.0
M00307_P00266,1.0
M00307_P00271,1.0
M00307_P00278,6.2362323
M00307_P00286,1.0
M00308_P01120,1.0
M00308_P01223,1.0
M00308_P01234,6.135062
M00308_P01236,1.0
M00308_P01241,6.411722
M00308_P01242,5.8011794
M00309_P00611,6.1381364
M00309_P00618,1.0
M00309_P00619,6.5195312
M00309_P00622,6.272096
M00309_P00922,1.0
M00309_P00927,5.892885
M00309_P00931,5.8762627
M00309_P00935,1.0
M00310_P00011,5.941827
M00310_P00024,6.276132
M00310_P00443,1.0
M00310_P00448,5.9397244
M00310_P00452,5.906721
M00310_P00462,1.0
M00310_P00463,7.0856595
M00310_P00465,1.0
M00310_P00468,1.0
M00311_P00611,5.8865023
M00311_P00618,6.7901125
M00311_P00619,6.0448713
M00311_P00622,6.6236176
M00311_P00761,6.3172913
M00311_P00772,1.0
M00312_P00625,1.0
M00312_P00630,5.918753
M00312_P00632,6.2431774
M00312_P00635,6.5451035
M00312_P00644,6.098662
M00312_P00645,1.0
M00312_P00650,6.4751034
M00312_P00965,1.0
M00312_P00966,1.0
M00312_P00975,6.538313
M00312_P00978,6.9552536
M00312_P00980,6.0568438
M00312_P00986,1.0
M00313_P00157,1.0
M00313_P00159,6.0597954
M00313_P00164,1.0
M00313_P00169,5.7980504
M00313_P00171,6.567474
M00313_P00175,6.1887097
M00313_P01146,1.0
M00313_P01157,1.0
M00313_P01166,6.432771
M00313_P01169,1.0
M00314_P00032,1.0
M00314_P00044,1.0
M00314_P00045,5.9562187
M00314_P00050,1.0
M00314_P00052,1.0
M00314_P01041,1.0
M00314_P01042,1.0
M00314_P01048,6.3163643
M00314_P01049,1.0
M00314_P01051,1.0
M00314_P01055,5.9772863
M00314_P01063,1.0
M00314_P01064,1.0
M00315_P00368,6.1591334
M00315_P00372,1.0
M00315_P00378,6.2367616
M00315_P00382,6.1504464
M00315_P00383,5.6835747
M00315_P01020,1.0
M00315_P01034,6.367993
M00315_P01037,1.0
M00315_P01038,1.0
M00316_P00761,1.0
M00316_P00772,6.2152805
M00316_P01041,1.0
M00316_P01042,6.627835
M00316_P01048,1.0
M00316_P01049,1.0
M00316_P01051,6.327279
M00316_P01055,6.0572643
M00316_P01063,5.704039
M00316_P01064,6.4440665
M00317_P00678,6.0197086
M00317_P00679,1.0
M00317_P00680,1.0
M00317_P00681,5.869933
M00317_P00683,6.3862576
M00317_P00694,6.195819
M00317_P01070,1.0
M00317_P01074,6.258101
M00317_P01082,1.0
M00318_P00055,5.608054
M00318_P00057,1.0
M00318_P00059,1.0
M00318_P00064,1.0
M00318_P00066,1.0
M00318_P00071,6.667461
M00318_P00077,6.464934
M00318_P00079,6.108432
M00318_P00082,6.2494316
M00318_P00087,5.8121057
M00318_P00097,1.0
M00318_P00102,5.928351
M00319_P00157,1.0
M00319_P00159,1.0
M00319_P00164,1.0
M00319_P00169,6.4313016
M00319_P00171,1.0
M00319_P00175,6.1176763
M00319_P00185,6.340967
M00319_P00193,1.0
M00319_P00197,1.0
M00319_P00199,5.9609594
M00319_P00200,5.900659
M00320_P00625,1.0
M00320_P00630,5.986283
M00320_P00632,6.458125
M00320_P00635,6.1278706
M00320_P00644,6.214149
M00320_P00645,7.016128
M00320_P00650,6.4480624
M00320_P00782,1.0
M00320_P00786,6.1929994
M00320_P00788,1.0
M00320_P00797,1.0
M00320_P00803,6.1422396
M00321_P00965,1.0
M00321_P00966,1.0
M00321_P00975,1.0
M00321_P00978,1.0
M00321_P00980,1.0
M00321_P00986,1.0
M00321_P01223,6.16182
M00321_P01234,1.0
M00321_P01236,5.9808726
M00321_P01241,6.1757126
M00321_P01242,5.830306
M00322_P00157,1.0
M00322_P00159,6.233554
M00322_P00164,1.0
M00322_P00169,5.862481
M00322_P00171,1.0
M00322_P00175,6.60454
M00322_P01070,1.0
M00322_P01074,6.3550763
M00322_P01082,6.0045385
M00323_P00055,1.0
M00323_P00057,1.0
M00323_P00059,1.0
M00323_P00064,6.187907
M00323_P00066,7.2553806
M00323_P00071,1.0
M00323_P00077,6.217329
M00323_P00443,1.0
M00323_P00448,1.0
M00323_P00452,1.0
M00323_P00462,6.4892554
M00323_P00463,6.346086
M00323_P00465,6.0561686
M00323_P00468,6.177201
M00324_P00345,6.0969567
M00324_P00347,6.221337
M00324_P00351,6.1384487
M00324_P00353,5.981733
M00324_P00359,6.242408
M00324_P00362,5.994565
M00324_P00761,6.6268363
M00324_P00772,5.965164
M00325_P00157,6.3213434
M00325_P00159,1.0
M00325_P00164,6.5036917
M00325_P00169,6.020227
M00325_P00171,1.0
M00325_P00175,6.714134
M00325_P00611,1.0
M00325_P00618,6.1833577
M00325_P00619,1.0
M00325_P00622,6.204486
M00326_P00888,1.0
M00326_P00889,6.1716986
M00326_P00893,5.950617
M00326_P00894,1.0
M00326_P00895,1.0
M00326_P00901,7.075966
M00326_P00909,6.6435184
M00326_P01099,6.3188934
M00326_P01107,6.0879784
M00326_P01108,6.5203133
M00326_P01109,6.235196
M00326_P01114,6.527638
M00326_P01118,1.0
M00327_P00443,1.0
M00327_P00448,5.8816814
M00327_P00452,5.791281
M00327_P00462,6.338392
M00327_P00463,1.0
M00327_P00465,6.190102
M00327_P00468,6.0869794
M00327_P00655,1.0
M00327_P00662,1.0
M00327_P00666,1.0
M00327_P00668,6.126339
M00327_P00669,6.477125
M00327_P00673,6.667049
M00327_P00674,6.0785646
M00328_P00136,6.4626174
M00328_P00141,1.0
M00328_P00148,5.8350015
M00328_P00156,6.4251986
M00328_P00761,6.3463445
M00328_P00772,6.20258
M00329_P01041,1.0
M00329_P01042,1.0
M00329_P01048,6.2893443
M00329_P01049,6.738885
M00329_P01051,6.1142664
M00329_P01055,6.1194143
M00329_P01063,6.3314767
M00329_P01064,6.149742
M00329_P01070,5.7738285
M00329_P01074,6.2955055
M00329_P01082,5.7549853
M00330_P00079,1.0
M00330_P00082,6.057153
M00330_P00087,5.777957
M00330_P00097,1.0
M00330_P00102,1.0
M00330_P00574,6.121145
M00330_P00579,1.0
M00330_P00582,6.127406
M00330_P00584,6.272365
M00330_P00586,6.052689
M00330_P00590,1.0
M00331_P00345,5.925501
M00331_P00347,6.1232643
M00331_P00351,6.113673
M00331_P00353,6.1219063
M00331_P00359,6.4282813
M00331_P00362,1.0
M00331_P00940,6.0582867
M00331_P00948,1.0
M00331_P00950,1.0
M00331_P00951,1.0
M00331_P00959,1.0
M00331_P00962,6.5553994
M00332_P00345,6.064467
M00332_P00347,1.0
M00332_P00351,6.1782656
M00332_P00353,1.0
M00332_P00359,6.4207373
M00332_P00362,6.502018
M00332_P00965,6.226936
M00332_P00966,1.0
M00332_P00975,1.0
M00332_P00978,1.0
M00332_P00980,1.0
M00332_P00986,1.0
M00333_P00241,1.0
M00333_P00244,5.914109
M00333_P00245,6.5073967
M00333_P00248,1.0
M00333_P00255,1.0
M00333_P00260,7.6078496
M00333_P01020,6.326518
M00333_P01034,6.3161454
M00333_P01037,5.9452486
M00333_P01038,1.0
M00334_P00209,5.9013524
M00334_P00210,1.0
M00334_P00211,1.0
M00334_P00219,5.961459
M00334_P00221,6.500854
M00334_P00222,6.1930323
M00334_P00232,5.786597
M00334_P00234,6.7731686
M00334_P00241,6.385536
M00334_P00244,1.0
M00334_P00245,6.715054
M00334_P00248,6.7948327
M00334_P00255,6.9087744
M00334_P00260,1.0
M00335_P00185,1.0
M00335_P00193,6.469303
M00335_P00197,6.294068
M00335_P00199,1.0
M00335_P00200,6.016268
M00335_P00287,1.0
M00335_P00290,1.0
M00335_P00291,5.945377
M00335_P00295,6.8784027
M00335_P00297,1.0
M00335_P00298,1.0
M00335_P00299,5.8581257
M00335_P00304,5.917528
M00335_P00307,1.0
M00335_P00309,1.0
M00335_P00310,6.14697
M00336_P00011,6.1932173
M00336_P00024,1.0
M00336_P00209,5.812662
M00336_P00210,1.0
M00336_P00211,1.0
M00336_P00219,1.0
M00336_P00221,1.0
M00336_P00222,6.4571285
M00336_P00232,1.0
M00336_P00234,7.1443667
M00337_P00529,5.8459263
M00337_P00535,1.0
M00337_P00536,1.0
M00337_P00542,1.0
M00337_P00543,6.14487
M00337_P00965,6.1151743
M00337_P00966,1.0
M00337_P00975,1.0
M00337_P00978,1.0
M00337_P00980,6.7341704
M00337_P00986,7.375877
M00338_P00079,1.0
M00338_P00082,6.161437
M00338_P00087,5.8024306
M00338_P00097,5.9344125
M00338_P00102,6.0399156
M00338_P00423,1.0
M00338_P00424,1.0
M00338_P00425,6.203049
M00338_P00426,6.0238447
M00338_P00431,1.0
M00338_P00436,6.7043867
M00338_P00440,6.1118097
M00339_P00185,1.0
M00339_P00193,6.0210094
M00339_P00197,5.956623
M00339_P00199,5.8437514
M00339_P00200,6.1648335
M00339_P00863,6.006134
M00339_P00880,1.0
M00339_P00882,1.0
M00340_P00732,6.067209
M00340_P00738,6.0573416
M00340_P00742,6.4782543
M00340_P00744,5.942484
M00340_P00747,1.0
M00340_P00753,1.0
M00340_P00782,6.0050025
M00340_P00786,6.069858
M00340_P00788,1.0
M00340_P00797,6.300695
M00340_P00803,1.0
M00341_P00835,1.0
M00341_P00840,1.0
M00341_P00844,6.0239987
M00341_P00847,6.602734
M00341_P00848,1.0
M00341_P00856,6.508151
M00341_P00991,1.0
M00341_P00993,6.048686
M00341_P00997,1.0
M00341_P01000,1.0
M00341_P01010,6.1253214
M00342_P00368,6.4822907
M00342_P00372,6.521227
M00342_P00378,6.1337566
M00342_P00382,1.0
M00342_P00383,6.0601315
M00342_P00835,1.0
M00342_P00840,5.895788
M00342_P00844,5.761463
M00342_P00847,5.8479004
M00342_P00848,1.0
M00342_P00856,1.0
M00343_P01099,6.555319
M00343_P01107,5.971349
M00343_P01108,1.0
M00343_P01109,6.625611
M00343_P01114,6.599419
M00343_P01118,1.0
M00343_P01201,1.0
M00343_P01209,1.0
M00343_P01210,5.550745
M00343_P01211,6.5082836
M00343_P01214,6.25829
M00344_P00761,1.0
M00344_P00772,6.032302
M00344_P01099,6.360519
M00344_P01107,1.0
M00344_P01108,6.623313
M00344_P01109,6.662576
M00344_P01114,1.0
M00344_P01118,6.736231
M00345_P00655,1.0
M00345_P00662,1.0
M00345_P00666,6.20374
M00345_P00668,1.0
M00345_P00669,1.0
M00345_P00673,6.25803
M00345_P00674,6.4514813
M00345_P00782,6.369011
M00345_P00786,1.0
M00345_P00788,1.0
M00345_P00797,1.0
M00345_P00803,6.8585443
M00346_P00807,1.0
M00346_P00812,7.352196
M00346_P00819,6.1310105
M00346_P00826,6.4694753
M00346_P00827,6.122838
M00346_P01201,6.3063273
M00346_P01209,6.013047
M00346_P01210,6.023138
M00346_P01211,6.4759336
M00346_P01214,1.0
M00347_P00136,6.6075516
M00347_P00141,1.0
M00347_P00148,1.0
M00347_P00156,7.035506
M00347_P00549,6.387702
M00347_P00552,6.0452065
M00347_P00554,6.0047584
M00347_P00561,7.060839
M00347_P00562,6.132145
M00347_P00568,6.007442
M00348_P00108,1.0
M00348_P00110,1.0
M00348_P00114,1.0
M00348_P00124,6.4438586
M00348_P00129,6.365545
M00348_P00241,5.851141
M00348_P00244,5.9472017
M00348_P00245,6.4473186
M00348_P00248,6.0368605
M00348_P00255,7.069222
M00348_P00260,1.0
M00349_P00625,1.0
M00349_P00630,5.759384
M00349_P00632,1.0
M00349_P00635,6.0920534
M00349_P00644,6.34647
M00349_P00645,6.456696
M00349_P00650,1.0
M00349_P01020,1.0
M00349_P01034,1.0
M00349_P01037,5.5840063
M00349_P01038,1.0
M00350_P00761,1.0
M00350_P00772,5.9362273
M00350_P00863,6.095517
M00350_P00880,6.3699093
M00350_P00882,1.0
M00351_P00157,1.0
M00351_P00159,6.111854
M00351_P00164,1.0
M00351_P00169,1.0
M00351_P00171,1.0
M00351_P00175,6.463017
M00351_P01177,1.0
M00351_P01182,1.0
M00351_P01184,1.0
M00351_P01193,6.3642187
M00351_P01196,6.9176617
M00352_P00705,6.040262
M00352_P00707,1.0
M00352_P00716,6.385099
M00352_P00718,1.0
M00352_P00724,6.205619
M00352_P00728,7.428134
M00352_P00761,6.168296
M00352_P00772,5.7452326
M00353_P00549,1.0
M00353_P00552,6.031334
M00353_P00554,1.0
M00353_P00561,1.0
M00353_P00562,5.6548963
M00353_P00568,5.884055
M00353_P00782,6.053287
M00353_P00786,5.880409
M00353_P00788,6.519131
M00353_P00797,6.668834
M00353_P00803,1.0
M00354_P00157,1.0
M00354_P00159,1.0
M00354_P00164,6.1397963
M00354_P00169,1.0
M00354_P00171,6.268958
M00354_P00175,6.3468266
M00354_P01201,1.0
M00354_P01209,5.9394364
M00354_P01210,1.0
M00354_P01211,6.280151
M00354_P01214,1.0
M00355_P00529,5.948111
M00355_P00535,5.99855
M00355_P00536,5.954066
M00355_P00542,1.0
M00355_P00543,6.2286005
M00355_P01120,6.406324
M00356_P00241,1.0
M00356_P00244,1.0
M00356_P00245,6.597999
M00356_P00248,1.0
M00356_P00255,6.9296126
M00356_P00260,1.0
M00356_P01146,5.8600273
M00356_P01157,6.172112
M00356_P01166,6.1743484
M00356_P01169,6.415797
M00357_P00136,1.0
M00357_P00141,7.1986036
M00357_P00148,5.9859734
M00357_P00156,5.9132576
M00357_P00157,1.0
M00357_P00159,6.1489367
M00357_P00164,6.1356325
M00357_P00169,6.4380007
M00357_P00171,6.5258994
M00357_P00175,1.0
M00358_P00157,1.0
M00358_P00159,1.0
M00358_P00164,6.346451
M00358_P00169,6.070921
M00358_P00171,1.0
M00358_P00175,1.0
M00358_P00625,6.446716
M00358_P00630,5.9288497
M00358_P00632,1.0
M00358_P00635,6.0793877
M00358_P00644,1.0
M00358_P00645,6.5137053
M00358_P00650,1.0
M00359_P00922,1.0
M00359_P00927,6.269359
M00359_P00931,5.9027696
M00359_P00935,6.37025
M00359_P00965,1.0
M00359_P00966,1.0
M00359_P00975,7.055534
M00359_P00978,1.0
M00359_P00980,5.8687606
M00359_P00986,6.387053
M00360_P00185,1.0
M00360_P00193,1.0
M00360_P00197,1.0
M00360_P00199,1.0
M00360_P00200,5.706421
M00360_P01099,6.175699
M00360_P01107,6.1511817
M00360_P01108,6.582297
M00360_P01109,6.145802
M00360_P01114,1.0
M00360_P01118,1.0
M00361_P00705,1.0
M00361_P00707,6.300937
M00361_P00716,6.338711
M00361_P00718,1.0
M00361_P00724,6.415621
M00361_P00728,6.156269
M00361_P01099,6.2848277
M00361_P01107,6.2130218
M00361_P01108,7.14079
M00361_P01109,6.603695
M00361_P01114,7.5902977
M00361_P01118,6.0505047
M00362_P00478,1.0
M00362_P00479,1.0
M00362_P00486,1.0
M00362_P00491,6.6006866
M00362_P01020,6.9945307
M00362_P01034,1.0
M00362_P01037,5.9297686
M00362_P01038,1.0
M00363_P00157,1.0
M00363_P00159,1.0
M00363_P00164,6.5354643
M00363_P00169,1.0
M00363_P00171,6.501706
M00363_P00175,6.335217
M00363_P00965,1.0
M00363_P00966,6.0872884
M00363_P00975,6.7419753
M00363_P00978,1.0
M00363_P00980,6.6775045
M00363_P00986,1.0
M00364_P00241,6.1157393
M00364_P00244,5.8415756
M00364_P00245,5.9136195
M00364_P00248,6.9093227
M00364_P00255,1.0
M00364_P00260,6.5649033
M00364_P01120,1.0
M00365_P00157,1.0
M00365_P00159,6.0266213
M00365_P00164,6.111433
M00365_P00169,5.9360642
M00365_P00171,1.0
M00365_P00175,6.0420175
M00365_P00611,1.0
M00365_P00618,5.965025
M00365_P00619,5.83276
M00365_P00622,1.0
M00366_P00185,6.166481
M00366_P00193,6.128879
M00366_P00197,1.0
M00366_P00199,6.0789866
M00366_P00200,1.0
M00366_P00478,1.0
M00366_P00479,1.0
M00366_P00486,6.2894874
M00366_P00491,1.0
M00367_P00705,6.2347836
M00367_P00707,1.0
M00367_P00716,1.0
M00367_P00718,6.742921
M00367_P00724,6.1152506
M00367_P00728,1.0
M00367_P00940,6.551823
M00367_P00948,1.0
M00367_P00950,6.4920173
M00367_P00951,5.9588594
M00367_P00959,5.9058642
M00367_P00962,6.6784997
M00368_P00991,6.2014236
M00368_P00993,6.0644436
M00368_P00997,1.0
M00368_P01000,1.0
M00368_P01010,6.192458
M00368_P01120,1.0
M00369_P00032,6.652076
M00369_P00044,7.210627
M00369_P00045,1.0
M00369_P00050,6.050598
M00369_P00052,6.59919
M00369_P00313,1.0
M00369_P00324,6.654725
M00369_P00329,1.0
M00369_P00333,6.154603
M00369_P00334,6.273849
M00370_P00549,1.0
M00370_P00552,5.93703
M00370_P00554,6.1824093
M00370_P00561,7.143088
M00370_P00562,1.0
M00370_P00568,1.0
M00370_P00611,6.0073843
M00370_P00618,1.0
M00370_P00619,5.8036437
M00370_P00622,1.0
M00371_P00241,5.936835
M00371_P00244,6.026052
M00371_P00245,1.0
M00371_P00248,6.372762
M00371_P00255,1.0
M00371_P00260,7.368863
M00371_P00965,1.0
M00371_P00966,1.0
M00371_P00975,6.0282125
M00371_P00978,6.419329
M00371_P00980,5.858388
M00371_P00986,6.736685
M00372_P00108,6.0972147
M00372_P00110,6.180315
M00372_P00114,6.6590204
M00372_P00124,1.0
M00372_P00129,5.97264
M00372_P00266,6.325605
M00372_P00271,1.0
M00372_P00278,6.5437613
M00372_P00286,6.507739
M00373_P00136,6.814486
M00373_P00141,1.0
M00373_P00148,1.0
M00373_P00156,6.0098944
M00373_P00888,6.064078
M00373_P00889,6.157382
M00373_P00893,1.0
M00373_P00894,6.0487065
M00373_P00895,6.417739
M00373_P00901,1.0
M00373_P00909,6.426055
M00374_P00678,1.0
M00374_P00679,6.440864
M00374_P00680,1.0
M00374_P00681,1.0
M00374_P00683,6.1326246
M00374_P00694,1.0
M00374_P00782,6.106183
M00374_P00786,5.797746
M00374_P00788,1.0
M00374_P00797,6.038606
M00374_P00803,6.2940993
M00375_P00515,5.910461
M00375_P00611,1.0
M00375_P00618,6.6762953
M00375_P00619,6.3044314
M00375_P00622,6.904431
M00376_P00940,6.461914
M00376_P00948,5.9735413
M00376_P00950,6.253872
M00376_P00951,6.791157
M00376_P00959,6.075279
M00376_P00962,6.832404
M00376_P01020,1.0
M00376_P01034,6.30906
M00376_P01037,5.7268467
M00376_P01038,6.2457967
M00377_P00241,6.2501082
M00377_P00244,5.774639
M00377_P00245,1.0
M00377_P00248,1.0
M00377_P00255,1.0
M00377_P00260,7.4225516
M00377_P00287,1.0
M00377_P00290,1.0
M00377_P00291,6.1252193
M00377_P00295,1.0
M00377_P00297,6.19531
M00377_P00298,6.078843
M00377_P00299,6.102381
M00377_P00304,6.1041384
M00377_P00307,1.0
M00377_P00309,1.0
M00377_P00310,1.0
M00378_P00136,6.5932007
M00378_P00141,1.0
M00378_P00148,1.0
M00378_P00156,1.0
M00378_P01120,1.0
M00379_P00705,1.0
M00379_P00707,6.415572
M00379_P00716,1.0
M00379_P00718,6.728624
M00379_P00724,6.0225863
M00379_P00728,1.0
M00379_P01099,6.328014
M00379_P01107,6.0524235
M00379_P01108,6.557952
M00379_P01109,1.0
M00379_P01114,6.715285
M00379_P01118,6.974431
M00380_P00443,6.1834164
M00380_P00448,5.852894
M00380_P00452,5.9754786
M00380_P00462,1.0
M00380_P00463,6.270065
M00380_P00465,6.2267866
M00380_P00468,1.0
M00380_P00678,1.0
M00380_P00679,6.545335
M00380_P00680,5.873173
M00380_P00681,1.0
M00380_P00683,1.0
M00380_P00694,1.0
M00381_P00574,6.2408304
M00381_P00579,6.872471
M00381_P00582,6.1571913
M00381_P00584,1.0
M00381_P00586,1.0
M00381_P00590,7.2515073
M00381_P00732,5.727307
M00381_P00738,1.0
M00381_P00742,1.0
M00381_P00744,1.0
M00381_P00747,7.200998
M00381_P00753,6.0775595
M00382_P01120,1.0
M00382_P01146,1.0
M00382_P01157,5.8808537
M00382_P01166,1.0
M00382_P01169,5.726708
M00383_P00863,1.0
M00383_P00880,6.070326
M00383_P00882,6.382781
M00383_P01120,1.0
M00384_P00368,5.7434926
M00384_P00372,1.0
M00384_P00378,5.7732387
M00384_P00382,1.0
M00384_P00383,6.016231
M00384_P00678,1.0
M00384_P00679,6.34004
M00384_P00680,6.1365175
M00384_P00681,5.8916364
M00384_P00683,6.2730517
M00384_P00694,6.1577406
M00385_P00011,5.936172
M00385_P00024,1.0
M00385_P00368,6.149712
M00385_P00372,6.7500834
M00385_P00378,1.0
M00385_P00382,6.2699003
M00385_P00383,1.0
M00386_P00209,1.0
M00386_P00210,6.600287
M00386_P00211,1.0
M00386_P00219,6.0947742
M00386_P00221,6.1554685
M00386_P00222,6.3124566
M00386_P00232,5.9195676
M00386_P00234,7.00285
M00386_P00443,1.0
M00386_P00448,5.8213134
M00386_P00452,5.943359
M00386_P00462,6.360322
M00386_P00463,6.962339
M00386_P00465,1.0
M00386_P00468,1.0
M00387_P00011,1.0
M00387_P00024,6.0871153
M00387_P00185,6.235058
M00387_P00193,6.046333
M00387_P00197,1.0
M00387_P00199,1.0
M00387_P00200,6.0184407
M00388_P00209,1.0
M00388_P00210,6.324668
M00388_P00211,1.0
M00388_P00219,1.0
M00388_P00221,6.424923
M00388_P00222,1.0
M00388_P00232,1.0
M00388_P00234,1.0
M00388_P00287,1.0
M00388_P00290,5.9794545
M00388_P00291,1.0
M00388_P00295,7.1354694
M00388_P00297,5.968543
M00388_P00298,1.0
M00388_P00299,6.264389
M00388_P00304,5.761057
M00388_P00307,6.560344
M00388_P00309,1.0
M00388_P00310,1.0
M00389_P00835,1.0
M00389_P00840,1.0
M00389_P00844,1.0
M00389_P00847,5.5787005
M00389_P00848,5.7908525
M00389_P00856,6.3508954
M00389_P00940,1.0
M00389_P00948,6.298583
M00389_P00950,6.190553
M00389_P00951,1.0
M00389_P00959,1.0
M00389_P00962,1.0
M00390_P00108,1.0
M00390_P00110,6.17144
M00390_P00114,6.783174
M00390_P00124,6.420524
M00390_P00129,1.0
M00390_P00678,1.0
M00390_P00679,1.0
M00390_P00680,6.187725
M00390_P00681,6.3675528
M00390_P00683,1.0
M00390_P00694,6.123816
M00391_P00032,6.177516
M00391_P00044,6.185857
M00391_P00045,1.0
M00391_P00050,6.059076
M00391_P00052,6.574781
M00391_P00705,6.151351
M00391_P00707,1.0
M00391_P00716,1.0
M00391_P00718,1.0
M00391_P00724,1.0
M00391_P00728,6.4754515
M00392_P00529,6.191951
M00392_P00535,1.0
M00392_P00536,6.003681
M00392_P00542,6.091723
M00392_P00543,6.3606596
M00392_P00965,1.0
M00392_P00966,6.3765254
M00392_P00975,6.501351
M00392_P00978,6.398733
M00392_P00980,1.0
M00392_P00986,6.732892
M00393_P01041,6.350503
M00393_P01042,1.0
M00393_P01048,1.0
M00393_P01049,6.9685106
M00393_P01051,6.467016
M00393_P01055,6.0724025
M00393_P01063,6.0771747
M00393_P01064,6.063702
M00393_P01177,1.0
M00393_P01182,5.9773927
M00393_P01184,6.076071
M00393_P01193,1.0
M00393_P01196,6.7708087
M00394_P00185,1.0
M00394_P00193,6.052736
M00394_P00197,5.951019
M00394_P00199,1.0
M00394_P00200,6.0026145
M00394_P00678,1.0
M00394_P00679,1.0
M00394_P00680,6.1959934
M00394_P00681,1.0
M00394_P00683,1.0
M00394_P00694,1.0
M00395_P00266,6.167058
M00395_P00271,6.637494
M00395_P00278,1.0
M00395_P00286,1.0
M00395_P01041,1.0
M00395_P01042,1.0
M00395_P01048,6.3506413
M00395_P01049,1.0
M00395_P01051,6.358565
M00395_P01055,6.4777393
M00395_P01063,6.2509046
M00395_P01064,1.0
M00396_P00136,7.0814447
M00396_P00141,6.5746226
M00396_P00148,6.442844
M00396_P00156,6.3760567
M00396_P00732,5.940573
M00396_P00738,6.291275
M00396_P00742,6.6415095
M00396_P00744,6.085667
M00396_P00747,6.7804523
M00396_P00753,5.9309053
M00397_P00705,1.0
M00397_P00707,6.3427234
M00397_P00716,1.0
M00397_P00718,6.954237
M00397_P00724,1.0
M00397_P00728,6.6507807
M00397_P00991,6.467256
M00397_P00993,6.095538
M00397_P00997,6.1146812
M00397_P01000,7.0160418
M00397_P01010,6.5693626
M00398_P00515,6.1817045
M00398_P00655,6.505632
M00398_P00662,5.8941092
M00398_P00666,1.0
M00398_P00668,1.0
M00398_P00669,6.3273892
M00398_P00673,5.8746133
M00398_P00674,1.0
M00399_P00368,6.22408
M00399_P00372,6.9292417
M00399_P00378,1.0
M00399_P00382,6.0428705
M00399_P00383,6.503502
M00399_P00574,6.068697
M00399_P00579,1.0
M00399_P00582,1.0
M00399_P00584,1.0
M00399_P00586,5.9547925
M00399_P00590,6.3590207
M00400_P00108,6.1327987
M00400_P00110,6.0585127
M00400_P00114,7.0733213
M00400_P00124,6.314185
M00400_P00129,1.0
M00400_P00863,5.855503
M00400_P00880,6.158297
M00400_P00882,1.0
M00401_P00835,1.0
M00401_P00840,6.0348406
M00401_P00844,6.3143783
M00401_P00847,1.0
M00401_P00848,6.0258346
M00401_P00856,1.0
M00401_P00863,5.9179597
M00401_P00880,6.174772
M00401_P00882,6.8812423
M00402_P00574,1.0
M00402_P00579,6.221841
M00402_P00582,1.0
M00402_P00584,1.0
M00402_P00586,6.034016
M00402_P00590,1.0
M00402_P01223,6.0217724
M00402_P01234,6.5073056
M00402_P01236,1.0
M00402_P01241,6.082617
M00402_P01242,5.9050264
M00403_P00157,1.0
M00403_P00159,1.0
M00403_P00164,1.0
M00403_P00169,5.8162985
M00403_P00171,6.1094465
M00403_P00175,6.3681073
M00403_P00391,1.0
M00403_P00399,6.3792367
M00403_P00410,6.2793803
M00403_P00416,1.0
M00404_P00287,6.2236643
M00404_P00290,5.6515465
M00404_P00291,6.3312683
M00404_P00295,7.0163174
M00404_P00297,5.9904666
M00404_P00298,1.0
M00404_P00299,1.0
M00404_P00304,1.0
M00404_P00307,6.739593
M00404_P00309,6.1102757
M00404_P00310,6.3615513
M00404_P00313,1.0
M00404_P00324,1.0
M00404_P00329,1.0
M00404_P00333,6.3609886
M00404_P00334,6.558067
M00405_P00108,6.002679
M00405_P00110,5.9381566
M00405_P00114,1.0
M00405_P00124,1.0
M00405_P00129,5.9718194
M00405_P01070,1.0
M00405_P01074,6.5761237
M00405_P01082,6.181521
M00406_P00761,6.0952597
M00406_P00772,5.8564334
M00406_P00965,1.0
M00406_P00966,5.9125834
M00406_P00975,1.0
M00406_P00978,6.8829374
M00406_P00980,6.3745127
M00406_P00986,1.0
M00407_P00940,6.1080413
M00407_P00948,6.251306
M00407_P00950,1.0
M00407_P00951,1.0
M00407_P00959,5.8292065
M00407_P00962,6.574447
M00407_P01120,6.407718
M00408_P00529,1.0
M00408_P00535,5.690653
M00408_P00536,5.797106
M00408_P00542,6.543171
M00408_P00543,6.4063544
M00408_P01041,1.0
M00408_P01042,1.0
M00408_P01048,1.0
M00408_P01049,1.0
M00408_P01051,1.0
M00408_P01055,1.0
M00408_P01063,5.908947
M00408_P01064,6.1952305
M00409_P00108,1.0
M00409_P00110,5.926582
M00409_P00114,6.7855425
M00409_P00124,6.309441
M00409_P00129,5.9255533
M00409_P00807,6.193325
M00409_P00812,1.0
M00409_P00819,5.981453
M00409_P00826,1.0
M00409_P00827,6.305779
M00410_P00443,6.637559
M00410_P00448,6.0530996
M00410_P00452,6.398409
M00410_P00462,1.0
M00410_P00463,1.0
M00410_P00465,6.5666976
M00410_P00468,6.30694
M00410_P00991,1.0
M00410_P00993,5.8825884
M00410_P00997,5.876196
M00410_P01000,6.1070933
M00410_P01010,1.0
M00411_P00108,5.987516
M00411_P00110,5.8571453
M00411_P00114,6.655068
M00411_P00124,1.0
M00411_P00129,6.6861567
M00411_P00835,1.0
M00411_P00840,5.939759
M00411_P00844,5.8700175
M00411_P00847,5.885324
M00411_P00848,5.8754954
M00411_P00856,1.0
M00412_P00055,1.0
M00412_P00057,6.379422
M00412_P00059,6.4211793
M00412_P00064,1.0
M00412_P00066,6.2286434
M00412_P00071,1.0
M00412_P00077,6.4313364
M00412_P00732,6.20131
M00412_P00738,6.290625
M00412_P00742,6.4500337
M00412_P00744,1.0
M00412_P00747,7.1594396
M00412_P00753,1.0
M00413_P00108,5.9270205
M00413_P00110,6.0647907
M00413_P00114,1.0
M00413_P00124,1.0
M00413_P00129,6.0640726
M00413_P00478,5.7709413
M00413_P00479,6.989544
M00413_P00486,1.0
M00413_P00491,1.0
M00414_P00991,1.0
M00414_P00993,1.0
M00414_P00997,5.873735
M00414_P01000,6.449424
M00414_P01010,6.3136053
M00414_P01020,6.6389165
M00414_P01034,1.0
M00414_P01037,5.864544
M00414_P01038,5.813524
M00415_P00761,6.3608375
M00415_P00772,6.0871553
M00415_P00991,1.0
M00415_P00993,6.0914497
M00415_P00997,5.7026777
M00415_P01000,1.0
M00415_P01010,1.0
M00416_P00732,6.24281
M00416_P00738,6.074338
M00416_P00742,1.0
M00416_P00744,1.0
M00416_P00747,7.55168
M00416_P00753,1.0
M00416_P00965,1.0
M00416_P00966,5.8170934
M00416_P00975,7.3022738
M00416_P00978,5.983504
M00416_P00980,1.0
M00416_P00986,1.0
M00417_P00529,6.1497865
M00417_P00535,6.238604
M00417_P00536,1.0
M00417_P00542,6.250733
M00417_P00543,6.3631396
M00417_P01020,7.125139
M00417_P01034,6.100707
M00417_P01037,1.0
M00417_P01038,1.0
M00418_P00079,1.0
M00418_P00082,1.0
M00418_P00087,1.0
M00418_P00097,6.4609923
M00418_P00102,1.0
M00418_P00761,1.0
M00418_P00772,5.923121
M00419_P00136,7.0631123
M00419_P00141,1.0
M00419_P00148,5.8876553
M00419_P00156,6.007245
M00419_P01177,1.0
M00419_P01182,5.8802123
M00419_P01184,1.0
M00419_P01193,6.2665696
M00419_P01196,6.1045275
M00420_P00055,1.0
M00420_P00057,6.0460353
M00420_P00059,6.234223
M00420_P00064,6.0298834
M00420_P00066,7.279601
M00420_P00071,6.3121977
M00420_P00077,6.646263
M00420_P00423,6.519482
M00420_P00424,1.0
M00420_P00425,6.180116
M00420_P00426,5.9214706
M00420_P00431,1.0
M00420_P00436,6.1661873
M00420_P00440,5.8434706
M00421_P00732,6.0196395
M00421_P00738,6.1125073
M00421_P00742,1.0
M00421_P00744,1.0
M00421_P00747,6.6184487
M00421_P00753,1.0
M00421_P00888,1.0
M00421_P00889,1.0
M00421_P00893,1.0
M00421_P00894,6.511747
M00421_P00895,6.6815233
M00421_P00901,6.7539124
M00421_P00909,1.0
M00422_P00611,5.9386983
M00422_P00618,1.0
M00422_P00619,5.940141
M00422_P00622,5.9383464
M00422_P00625,1.0
M00422_P00630,5.873862
M00422_P00632,6.242677
M00422_P00635,6.2443447
M00422_P00644,6.2087812
M00422_P00645,6.592993
M00422_P00650,6.0209947
M00423_P00549,1.0
M00423_P00552,5.912977
M00423_P00554,1.0
M00423_P00561,7.3319173
M00423_P00562,6.2856965
M00423_P00568,6.057654
M00423_P00678,5.6741805
M00423_P00679,1.0
M00423_P00680,6.033889
M00423_P00681,1.0
M00423_P00683,6.4437866
M00423_P00694,1.0
M00424_P01041,1.0
M00424_P01042,1.0
M00424_P01048,1.0
M00424_P01049,6.8237305
M00424_P01051,6.2456026
M00424_P01055,1.0
M00424_P01063,5.8537064
M00424_P01064,6.169372
M00424_P01099,1.0
M00424_P01107,6.152572
M00424_P01108,6.5598645
M00424_P01109,1.0
M00424_P01114,6.4011984
M00424_P01118,1.0
M00425_P00157,1.0
M00425_P00159,1.0
M00425_P00164,6.415023
M00425_P00169,5.7416296
M00425_P00171,6.2499776
M00425_P00175,6.187593
M00425_P00549,1.0
M00425_P00552,5.912993
M00425_P00554,6.0316606
M00425_P00561,7.4808564
M00425_P00562,6.033182
M00425_P00568,1.0
M00426_P00423,6.6008677
M00426_P00424,6.1064596
M00426_P00425,1.0
M00426_P00426,6.154795
M00426_P00431,6.1051826
M00426_P00436,1.0
M00426_P00440,1.0
M00426_P00478,1.0
M00426_P00479,1.0
M00426_P00486,6.0929112
M00426_P00491,1.0
M00427_P00136,6.634575
M00427_P00141,6.9117646
M00427_P00148,1.0
M00427_P00156,1.0
M00427_P00549,1.0
M00427_P00552,6.2044716
M00427_P00554,1.0
M00427_P00561,1.0
M00427_P00562,5.9123063
M00427_P00568,6.114871
M00428_P00515,1.0
M00428_P00574,6.1755247
M00428_P00579,1.0
M00428_P00582,6.2527766
M00428_P00584,6.720476
M00428_P00586,1.0
M00428_P00590,7.0097113
M00429_P00209,1.0
M00429_P00210,6.5115657
M00429_P00211,1.0
M00429_P00219,1.0
M00429_P00221,6.355431
M00429_P00222,5.925968
M00429_P00232,6.3542833
M00429_P00234,1.0
M00429_P01020,6.8069773
M00429_P01034,1.0
M00429_P01037,1.0
M00429_P01038,6.117766
M00430_P00515,6.1044617
M00430_P00940,6.1586018
M00430_P00948,6.6061788
M00430_P00950,7.175085
M00430_P00951,1.0
M00430_P00959,6.2199855
M00430_P00962,6.6039104
M00431_P00209,1.0
M00431_P00210,5.9738636
M00431_P00211,1.0
M00431_P00219,5.852201
M00431_P00221,6.5823517
M00431_P00222,1.0
M00431_P00232,1.0
M00431_P00234,6.6409526
M00431_P01120,1.0
M00432_P01070,5.7635913
M00432_P01074,1.0
M00432_P01082,5.918593
M00432_P01120,5.9763527
M00433_P00032,1.0
M00433_P00044,6.595669
M00433_P00045,6.424468
M00433_P00050,5.9373307
M00433_P00052,6.219241
M00433_P00625,1.0
M00433_P00630,5.8647213
M00433_P00632,6.0843716
M00433_P00635,1.0
M00433_P00644,6.3646364
M00433_P00645,7.0031524
M00433_P00650,6.2836347
M00434_P00345,6.1664076
M00434_P00347,6.168539
M00434_P00351,6.166483
M00434_P00353,6.1354446
M00434_P00359,6.37476
M00434_P00362,7.1306767
M00434_P00574,1.0
M00434_P00579,6.0844088
M00434_P00582,5.926166
M00434_P00584,1.0
M00434_P00586,5.982733
M00434_P00590,7.0568876
M00435_P00313,1.0
M00435_P00324,1.0
M00435_P00329,5.9307656
M00435_P00333,1.0
M00435_P00334,1.0
M00435_P00391,5.854937
M00435_P00399,6.755873
M00435_P00410,6.9031043
M00435_P00416,6.3266644
M00436_P00108,1.0
M00436_P00110,1.0
M00436_P00114,1.0
M00436_P00124,5.8957334
M00436_P00129,6.126315
M00436_P00515,6.224639
M00437_P00835,1.0
M00437_P00840,1.0
M00437_P00844,6.109422
M00437_P00847,6.1641603
M00437_P00848,1.0
M00437_P00856,6.3566613
M00437_P00922,6.2610865
M00437_P00927,1.0
M00437_P00931,5.7761655
M00437_P00935,1.0
M00438_P00549,1.0
M00438_P00552,6.0251207
M00438_P00554,6.3835745
M00438_P00561,1.0
M00438_P00562,1.0
M00438_P00568,1.0
M00438_P01099,6.338863
M00438_P01107,1.0
M00438_P01108,6.417154
M00438_P01109,5.993836
M00438_P01114,6.50287
M00438_P01118,5.9752617
M00439_P00625,1.0
M00439_P00630,1.0
M00439_P00632,6.577441
M00439_P00635,5.9712167
M00439_P00644,6.6449366
M00439_P00645,1.0
M00439_P00650,6.534115
M00439_P00991,1.0
M00439_P00993,5.972521
M00439_P00997,6.1879663
M00439_P01000,1.0
M00439_P01010,6.2657757
M00440_P00287,1.0
M00440_P00290,6.2899184
M00440_P00291,6.1403008
M00440_P00295,1.0
M00440_P00297,6.2131867
M00440_P00298,1.0
M00440_P00299,6.1358695
M00440_P00304,5.954616
M00440_P00307,1.0
M00440_P00309,1.0
M00440_P00310,6.7210765
M00440_P01177,1.0
M00440_P01182,5.9521036
M00440_P01184,5.878316
M00440_P01193,6.3095446
M00440_P01196,1.0
M00441_P00732,1.0
M00441_P00738,6.0642247
M00441_P00742,6.3600235
M00441_P00744,1.0
M00441_P00747,7.630043
M00441_P00753,6.201445
M00441_P01201,1.0
M00441_P01209,5.9605956
M00441_P01210,1.0
M00441_P01211,6.4681587
M00441_P01214,5.788725
M00442_P00611,6.077494
M00442_P00618,6.5273805
M00442_P00619,1.0
M00442_P00622,6.2095256
M00442_P01146,6.0615277
M00442_P01157,5.7771015
M00442_P01166,6.313204
M00442_P01169,5.9459233
M00443_P00732,1.0
M00443_P00738,5.849613
M00443_P00742,6.0228076
M00443_P00744,5.892096
M00443_P00747,6.9328585
M00443_P00753,1.0
M00443_P01041,1.0
M00443_P01042,6.566294
M00443_P01048,6.508012
M00443_P01049,1.0
M00443_P01051,6.2244034
M00443_P01055,6.205015
M00443_P01063,6.3127446
M00443_P01064,6.376538
M00444_P00368,1.0
M00444_P00372,6.513576
M00444_P00378,1.0
M00444_P00382,5.7936234
M00444_P00383,1.0
M00444_P00922,1.0
M00444_P00927,6.013239
M00444_P00931,6.276449
M00444_P00935,1.0
M00445_P00313,6.1903033
M00445_P00324,6.3544393
M00445_P00329,6.12249
M00445_P00333,6.7667875
M00445_P00334,6.2184973
M00445_P00782,1.0
M00445_P00786,5.8315926
M00445_P00788,6.48683
M00445_P00797,1.0
M00445_P00803,7.3875837
M00446_P00478,1.0
M00446_P00479,6.39885
M00446_P00486,6.5983605
M00446_P00491,5.6887784
M00446_P00761,1.0
M00446_P00772,6.0358543
M00447_P00835,1.0
M00447_P00840,5.8549876
M00447_P00844,6.1826687
M00447_P00847,6.0005627
M00447_P00848,5.9992776
M00447_P00856,6.342939
M00447_P00888,6.1148934
M00447_P00889,6.118487
M00447_P00893,6.2129908
M00447_P00894,6.137112
M00447_P00895,6.5502253
M00447_P00901,1.0
M00447_P00909,6.375263
M00448_P00313,1.0
M00448_P00324,1.0
M00448_P00329,5.7407484
M00448_P00333,6.2217107
M00448_P00334,6.6017027
M00448_P01020,6.667023
M00448_P01034,6.2958055
M00448_P01037,5.1447873
M00448_P01038,5.9484015
M00449_P00079,1.0
M00449_P00082,1.0
M00449_P00087,1.0
M00449_P00097,1.0
M00449_P00102,6.0812473
M00449_P01099,6.3577538
M00449_P01107,1.0
M00449_P01108,6.700048
M00449_P01109,1.0
M00449_P01114,1.0
M00449_P01118,1.0
M00450_P00157,6.2431383
M00450_P00159,1.0
M00450_P00164,1.0
M00450_P00169,6.286887
M00450_P00171,6.634351
M00450_P00175,1.0
M00450_P00922,1.0
M00450_P00927,6.0191455
M00450_P00931,1.0
M00450_P00935,6.205574
M00451_P00136,1.0
M00451_P00141,1.0
M00451_P00148,1.0
M00451_P00156,6.277472
M00451_P00478,6.0093446
M00451_P00479,6.649572
M00451_P00486,1.0
M00451_P00491,6.031692
M00452_P00443,6.51323
M00452_P00448,6.0644355
M00452_P00452,6.076438
M00452_P00462,1.0
M00452_P00463,1.0
M00452_P00465,6.5399413
M00452_P00468,6.7003536
M00452_P00761,1.0
M00452_P00772,6.036371
M00453_P00136,6.2468023
M00453_P00141,1.0
M00453_P00148,6.442637
M00453_P00156,1.0
M00453_P00705,6.157145
M00453_P00707,6.3814955
M00453_P00716,6.2737317
M00453_P00718,7.0638556
M00453_P00724,1.0
M00453_P00728,1.0
M00454_P00032,1.0
M00454_P00044,1.0
M00454_P00045,5.9389277
M00454_P00050,5.9276967
M00454_P00052,1.0
M00454_P00574,1.0
M00454_P00579,6.653536
M00454_P00582,6.5813165
M00454_P00584,6.492987
M00454_P00586,1.0
M00454_P00590,6.3400116
M00455_P00655,1.0
M00455_P00662,1.0
M00455_P00666,6.5990257
M00455_P00668,6.1197453
M00455_P00669,6.420248
M00455_P00673,6.5844173
M00455_P00674,6.0892053
M00455_P00863,5.84263
M00455_P00880,6.624879
M00455_P00882,7.280047
M00456_P00136,6.440891
M00456_P00141,6.63473
M00456_P00148,5.8311567
M00456_P00156,1.0
M00456_P00625,6.2603936
M00456_P00630,6.3643894
M00456_P00632,1.0
M00456_P00635,6.4420924
M00456_P00644,6.1288514
M00456_P00645,1.0
M00456_P00650,6.8435774
M00457_P00032,1.0
M00457_P00044,6.737214
M00457_P00045,6.426222
M00457_P00050,6.170838
M00457_P00052,1.0
M00457_P00549,1.0
M00457_P00552,6.0382857
M00457_P00554,6.2845964
M00457_P00561,6.954989
M00457_P00562,1.0
M00457_P00568,5.9554543
M00458_P00209,1.0
M00458_P00210,6.157251
M00458_P00211,1.0
M00458_P00219,1.0
M00458_P00221,6.0319986
M00458_P00222,6.153756
M00458_P00232,5.9757466
M00458_P00234,7.060728
M00458_P00241,6.0683823
M00458_P00244,6.3631835
M00458_P00245,6.2780952
M00458_P00248,6.591714
M00458_P00255,1.0
M00458_P00260,6.658004
M00459_P00782,6.1890903
M00459_P00786,1.0
M00459_P00788,6.6898413
M00459_P00797,6.6014566
M00459_P00803,6.851678
M00459_P01177,1.0
M00459_P01182,5.852087
M00459_P01184,6.112129
M00459_P01193,5.8300834
M00459_P01196,1.0
M00460_P00732,1.0
M00460_P00738,1.0
M00460_P00742,1.0
M00460_P00744,1.0
M00460_P00747,7.140776
M00460_P00753,6.0448074
M00460_P01041,1.0
M00460_P01042,1.0
M00460_P01048,1.0
M00460_P01049,1.0
M00460_P01051,6.2223077
M00460_P01055,6.07982
M00460_P01063,5.81849
M00460_P01064,1.0
M00461_P00032,6.7049975
M00461_P00044,6.926066
M00461_P00045,5.9727902
M00461_P00050,1.0
M00461_P00052,6.0244403
M00461_P00443,1.0
M00461_P00448,1.0
M00461_P00452,5.8280125
M00461_P00462,6.8893137
M00461_P00463,1.0
M00461_P00465,6.472257
M00461_P00468,6.725843
M00462_P00922,6.2590723
M00462_P00927,5.8332076
M00462_P00931,5.976295
M00462_P00935,6.478931
M00462_P01223,6.4616594
M00462_P01234,6.197372
M00462_P01236,1.0
M00462_P01241,6.830242
M00462_P01242,6.2680116
M00463_P00185,1.0
M00463_P00193,6.103605
M00463_P00197,1.0
M00463_P00199,1.0
M00463_P00200,5.574346
M00463_P00515,1.0
M00464_P00079,6.3334193
M00464_P00082,6.6024795
M00464_P00087,1.0
M00464_P00097,1.0
M00464_P00102,5.8890595
M00464_P00185,1.0
M00464_P00193,1.0
M00464_P00197,5.749448
M00464_P00199,6.105568
M00464_P00200,1.0
M00465_P01020,6.6519704
M00465_P01034,1.0
M00465_P01037,1.0
M00465_P01038,6.0619106
M00465_P01041,1.0
M00465_P01042,6.533119
M00465_P01048,1.0
M00465_P01049,1.0
M00465_P01051,6.188937
M00465_P01055,5.966238
M00465_P01063,1.0
M00465_P01064,6.109934
M00466_P00185,1.0
M00466_P00193,6.301932
M00466_P00197,1.0
M00466_P00199,6.108448
M00466_P00200,5.9636264
M00466_P00835,1.0
M00466_P00840,5.7543154
M00466_P00844,5.7831492
M00466_P00847,6.126275
M00466_P00848,1.0
M00466_P00856,1.0
M00467_P00835,1.0
M00467_P00840,5.865137
M00467_P00844,6.1042624
M00467_P00847,6.139465
M00467_P00848,1.0
M00467_P00856,6.5701776
M00467_P01041,1.0
M00467_P01042,1.0
M00467_P01048,1.0
M00467_P01049,7.071623
M00467_P01051,6.455389
M00467_P01055,5.8852606
M00467_P01063,5.9739656
M00467_P01064,1.0
M00468_P00241,5.568265
M00468_P00244,1.0
M00468_P00245,1.0
M00468_P00248,6.2835765
M00468_P00255,6.942352
M00468_P00260,1.0
M00468_P01177,6.745416
M00468_P01182,1.0
M00468_P01184,1.0
M00468_P01193,1.0
M00468_P01196,6.181914
M00469_P00011,5.89731
M00469_P00024,6.195625
M00469_P01041,1.0
M00469_P01042,1.0
M00469_P01048,1.0
M00469_P01049,7.0798044
M00469_P01051,1.0
M00469_P01055,5.774619
M00469_P01063,6.0580893
M00469_P01064,1.0
M00470_P00678,5.972232
M00470_P00679,1.0
M00470_P00680,1.0
M00470_P00681,5.866146
M00470_P00683,1.0
M00470_P00694,6.468349
M00470_P00940,5.9734645
M00470_P00948,6.4298153
M00470_P00950,1.0
M00470_P00951,1.0
M00470_P00959,1.0
M00470_P00962,1.0
M00471_P00611,1.0
M00471_P00618,6.362179
M00471_P00619,1.0
M00471_P00622,1.0
M00471_P00863,1.0
M00471_P00880,6.008254
M00471_P00882,6.6357336
M00472_P00625,1.0
M00472_P00630,1.0
M00472_P00632,6.5783973
M00472_P00635,1.0
M00472_P00644,6.5255876
M00472_P00645,7.182351
M00472_P00650,6.323371
M00472_P00807,1.0
M00472_P00812,1.0
M00472_P00819,6.2124906
M00472_P00826,1.0
M00472_P00827,6.72342
M00473_P00423,6.454024
M00473_P00424,6.120335
M00473_P00425,6.1707535
M00473_P00426,1.0
M00473_P00431,1.0
M00473_P00436,1.0
M00473_P00440,5.90844
M00473_P00611,1.0
M00473_P00618,1.0
M00473_P00619,6.0101085
M00473_P00622,1.0
M00474_P00108,1.0
M00474_P00110,6.137547
M00474_P00114,7.174663
M00474_P00124,5.9713936
M00474_P00129,6.089881
M00474_P00574,1.0
M00474_P00579,6.16166
M00474_P00582,1.0
M00474_P00584,6.1185193
M00474_P00586,1.0
M00474_P00590,1.0
M00475_P01099,1.0
M00475_P01107,1.0
M00475_P01108,6.7139893
M00475_P01109,6.346964
M00475_P01114,6.488939
M00475_P01118,1.0
M00475_P01201,6.1464524
M00475_P01209,1.0
M00475_P01210,6.090968
M00475_P01211,6.7477183
M00475_P01214,1.0
M00476_P00549,1.0
M00476_P00552,1.0
M00476_P00554,1.0
M00476_P00561,6.727368
M00476_P00562,6.0305686
M00476_P00568,6.0786633
M00476_P00965,1.0
M00476_P00966,6.059585
M00476_P00975,6.322449
M00476_P00978,1.0
M00476_P00980,1.0
M00476_P00986,6.804558
M00477_P00574,1.0
M00477_P00579,5.9144897
M00477_P00582,6.4072666
M00477_P00584,6.0456214
M00477_P00586,1.0
M00477_P00590,6.7592688
M00477_P00922,6.2797875
M00477_P00927,6.1648393
M00477_P00931,1.0
M00477_P00935,1.0
M00478_P00761,6.646289
M00478_P00772,6.5405607
M00478_P01120,1.0
M00479_P00287,1.0
M00479_P00290,5.9770417
M00479_P00291,1.0
M00479_P00295,1.0
M00479_P00297,5.749046
M00479_P00298,1.0
M00479_P00299,1.0
M00479_P00304,6.302913
M00479_P00307,6.8931065
M00479_P00309,6.333019
M00479_P00310,6.3213997
M00479_P01041,1.0
M00479_P01042,6.433128
M00479_P01048,6.041176
M00479_P01049,1.0
M00479_P01051,1.0
M00479_P01055,5.8770065
M00479_P01063,1.0
M00479_P01064,5.980748
M00480_P00761,6.1759477
M00480_P00772,1.0
M00480_P01177,6.4046073
M00480_P01182,6.4894743
M00480_P01184,6.473823
M00480_P01193,1.0
M00480_P01196,6.3163066
M00481_P00055,1.0
M00481_P00057,1.0
M00481_P00059,1.0
M00481_P00064,6.0896196
M00481_P00066,6.6414013
M00481_P00071,1.0
M00481_P00077,6.8418646
M00481_P00313,6.1807356
M00481_P00324,5.954907
M00481_P00329,6.140092
M00481_P00333,6.066641
M00481_P00334,1.0
M00482_P00055,6.203825
M00482_P00057,6.2258296
M00482_P00059,6.683445
M00482_P00064,6.2177362
M00482_P00066,6.7608294
M00482_P00071,6.0131617
M00482_P00077,6.4895053
M00482_P00549,1.0
M00482_P00552,1.0
M00482_P00554,6.6459055
M00482_P00561,7.5556746
M00482_P00562,6.077628
M00482_P00568,6.0171084
M00483_P00782,1.0
M00483_P00786,5.9065776
M00483_P00788,6.6321135
M00483_P00797,6.4302397
M00483_P00803,1.0
M00483_P00888,1.0
M00483_P00889,1.0
M00483_P00893,5.9315195
M00483_P00894,6.245532
M00483_P00895,1.0
M00483_P00901,6.839601
M00483_P00909,6.0640616
M00484_P00313,1.0
M00484_P00324,6.526524
M00484_P00329,5.894415
M00484_P00333,6.591013
M00484_P00334,1.0
M00484_P01070,5.758948
M00484_P01074,1.0
M00484_P01082,5.8828254
M00485_P00079,6.2360606
M00485_P00082,1.0
M00485_P00087,1.0
M00485_P00097,5.984874
M00485_P00102,1.0
M00485_P01099,6.3246284
M00485_P01107,1.0
M00485_P01108,6.435761
M00485_P01109,1.0
M00485_P01114,1.0
M00485_P01118,1.0
M00486_P00185,1.0
M00486_P00193,6.4715934
M00486_P00197,5.920973
M00486_P00199,1.0
M00486_P00200,6.280308
M00486_P00625,1.0
M00486_P00630,6.1335235
M00486_P00632,6.328083
M00486_P00635,1.0
M00486_P00644,6.1734443
M00486_P00645,6.9703393
M00486_P00650,1.0
M00487_P00732,1.0
M00487_P00738,1.0
M00487_P00742,6.082998
M00487_P00744,5.9765973
M00487_P00747,1.0
M00487_P00753,5.885335
M00487_P01223,6.1622524
M00487_P01234,1.0
M00487_P01236,1.0
M00487_P01241,6.6189847
M00487_P01242,5.655527
M00488_P00287,1.0
M00488_P00290,1.0
M00488_P00291,5.574172
M00488_P00295,7.1474123
M00488_P00297,6.00311
M00488_P00298,5.8395786
M00488_P00299,1.0
M00488_P00304,1.0
M00488_P00307,6.2706704
M00488_P00309,6.8348665
M00488_P00310,6.074619
M00488_P00835,1.0
M00488_P00840,1.0
M00488_P00844,6.0453534
M00488_P00847,6.157159
M00488_P00848,6.5483603
M00488_P00856,1.0
M00489_P00611,1.0
M00489_P00618,6.733846
M00489_P00619,6.148477
M00489_P00622,6.3171797
M00489_P00888,1.0
M00489_P00889,1.0
M00489_P00893,6.0716715
M00489_P00894,6.3903933
M00489_P00895,1.0
M00489_P00901,7.242057
M00489_P00909,6.4088717
M00490_P00705,6.2717414
M00490_P00707,6.4662857
M00490_P00716,1.0
M00490_P00718,6.5028057
M00490_P00724,6.456851
M00490_P00728,6.3301883
M00490_P01201,5.7875547
M00490_P01209,6.2284083
M00490_P01210,1.0
M00490_P01211,6.82156
M00490_P01214,5.986877
M00491_P00287,1.0
M00491_P00290,1.0
M00491_P00291,5.6539826
M00491_P00295,1.0
M00491_P00297,1.0
M00491_P00298,5.996697
M00491_P00299,5.744526
M00491_P00304,6.409196
M00491_P00307,1.0
M00491_P00309,1.0
M00491_P00310,1.0
M00491_P00991,1.0
M00491_P00993,5.9596086
M00491_P00997,1.0
M00491_P01000,1.0
M00491_P01010,6.1825686
M00492_P00157,1.0
M00492_P00159,1.0
M00492_P00164,1.0
M00492_P00169,5.8884935
M00492_P00171,1.0
M00492_P00175,1.0
M00492_P00529,5.822058
M00492_P00535,1.0
M00492_P00536,6.0002084
M00492_P00542,1.0
M00492_P00543,1.0
M00493_P00478,1.0
M00493_P00479,6.3454833
M00493_P00486,6.256194
M00493_P00491,1.0
M00493_P01099,6.1972485
M00493_P01107,5.8434534
M00493_P01108,6.5523033
M00493_P01109,1.0
M00493_P01114,1.0
M00493_P01118,1.0
M00494_P00991,6.235029
M00494_P00993,5.9796433
M00494_P00997,6.297749
M00494_P01000,6.524632
M00494_P01010,6.1794586
M00494_P01201,6.2023926
M00494_P01209,6.069648
M00494_P01210,5.953666
M00494_P01211,6.390426
M00494_P01214,5.8002963
M00495_P00732,6.0743866
M00495_P00738,1.0
M00495_P00742,6.592862
M00495_P00744,6.051571
M00495_P00747,1.0
M00495_P00753,1.0
M00495_P01146,1.0
M00495_P01157,1.0
M00495_P01166,6.144679
M00495_P01169,1.0
M00496_P00055,6.4065638
M00496_P00057,6.1673613
M00496_P00059,6.292284
M00496_P00064,5.995436
M00496_P00066,1.0
M00496_P00071,6.331877
M00496_P00077,1.0
M00496_P01223,1.0
M00496_P01234,1.0
M00496_P01236,6.075975
M00496_P01241,6.5412226
M00496_P01242,6.4954443
M00497_P00443,1.0
M00497_P00448,1.0
M00497_P00452,1.0
M00497_P00462,6.3400817
M00497_P00463,7.034703
M00497_P00465,1.0
M00497_P00468,6.1583304
M00497_P01070,1.0
M00497_P01074,6.0365586
M00497_P01082,1.0
M00498_P00108,6.112433
M00498_P00110,5.846024
M00498_P00114,7.1730757
M00498_P00124,6.41578
M00498_P00129,6.26658
M00498_P01120,1.0
M00499_P00611,1.0
M00499_P00618,6.116534
M00499_P00619,5.986353
M00499_P00622,6.178935
M00499_P00863,6.26203
M00499_P00880,1.0
M00499_P00882,6.5385427
M00500_P00032,6.3418813
M00500_P00044,6.752217
M00500_P00045,6.4493685
M00500_P00050,6.072872
M00500_P00052,6.075791
M00500_P00266,5.8938847
M00500_P00271,6.446444
M00500_P00278,1.0
M00500_P00286,1.0
M00501_P00055,6.0894084
M00501_P00057,1.0
M00501_P00059,1.0
M00501_P00064,6.0493407
M00501_P00066,1.0
M00501_P00071,6.7776394
M00501_P00077,1.0
M00501_P00241,5.9345155
M00501_P00244,5.7179317
M00501_P00245,6.1911674
M00501_P00248,1.0
M00501_P00255,6.492848
M00501_P00260,1.0
M00502_P00611,5.9222836
M00502_P00618,6.31624
M00502_P00619,1.0
M00502_P00622,1.0
M00502_P01070,1.0
M00502_P01074,6.1274686
M00502_P01082,1.0
M00503_P00055,6.1816554
M00503_P00057,5.808583
M00503_P00059,6.2795444
M00503_P00064,1.0
M00503_P00066,1.0
M00503_P00071,6.370257
M00503_P00077,6.7178135
M00503_P00940,1.0
M00503_P00948,1.0
M00503_P00950,6.6197147
M00503_P00951,6.440806
M00503_P00959,1.0
M00503_P00962,1.0
M00504_P00732,5.6278353
M00504_P00738,6.167252
M00504_P00742,6.5991073
M00504_P00744,5.8973684
M00504_P00747,6.9150715
M00504_P00753,1.0
M00504_P01120,1.0
M00505_P00108,1.0
M00505_P00110,1.0
M00505_P00114,6.8832116
M00505_P00124,6.5090866
M00505_P00129,6.5618725
M00505_P00732,1.0
M00505_P00738,6.044629
M00505_P00742,6.522685
M00505_P00744,5.852989
M00505_P00747,6.881372
M00505_P00753,1.0
M00506_P00611,6.0141773
M00506_P00618,6.2406936
M00506_P00619,6.1516676
M00506_P00622,6.0021043
M00506_P00863,5.885475
M00506_P00880,6.1604257
M00506_P00882,1.0
M00507_P00443,6.0045238
M00507_P00448,5.831928
M00507_P00452,6.067444
M00507_P00462,6.076375
M00507_P00463,1.0
M00507_P00465,1.0
M00507_P00468,6.0550385
M00507_P01070,6.0530467
M00507_P01074,6.5213084
M00507_P01082,6.0540714
M00508_P00032,1.0
M00508_P00044,1.0
M00508_P00045,1.0
M00508_P00050,5.982534
M00508_P00052,6.2509413
M00508_P00313,1.0
M00508_P00324,6.1235213
M00508_P00329,5.8023305
M00508_P00333,1.0
M00508_P00334,6.8366237
M00509_P00185,1.0
M00509_P00193,6.4737463
M00509_P00197,5.860416
M00509_P00199,6.03052
M00509_P00200,6.237312
M00509_P00922,6.112003
M00509_P00927,1.0
M00509_P00931,1.0
M00509_P00935,6.35766
M00510_P00732,6.0074596
M00510_P00738,1.0
M00510_P00742,6.429401
M00510_P00744,6.376485
M00510_P00747,1.0
M00510_P00753,6.4256263
M00510_P01177,6.3384247
M00510_P01182,6.0180173
M00510_P01184,6.2971587
M00510_P01193,6.1029506
M00510_P01196,1.0
M00511_P00807,1.0
M00511_P00812,7.326316
M00511_P00819,6.1514134
M00511_P00826,6.6676774
M00511_P00827,6.6556497
M00511_P01146,6.211537
M00511_P01157,6.031716
M00511_P01166,1.0
M00511_P01169,6.1102524
M00512_P00108,6.1123996
M00512_P00110,5.7097225
M00512_P00114,1.0
M00512_P00124,1.0
M00512_P00129,5.9239974
M00512_P00209,5.990862
M00512_P00210,1.0
M00512_P00211,1.0
M00512_P00219,5.7589364
M00512_P00221,1.0
M00512_P00222,6.4615936
M00512_P00232,5.7815504
M00512_P00234,7.3680325
M00513_P00732,6.0575266
M00513_P00738,5.792479
M00513_P00742,1.0
M00513_P00744,5.771489
M00513_P00747,6.9684973
M00513_P00753,6.379389
M00513_P01177,6.9565144
M00513_P01182,5.945712
M00513_P01184,1.0
M00513_P01193,1.0
M00513_P01196,6.097284
M00514_P00574,1.0
M00514_P00579,6.071606
M00514_P00582,1.0
M00514_P00584,6.069385
M00514_P00586,5.986797
M00514_P00590,1.0
M00514_P01099,6.4582086
M00514_P01107,1.0
M00514_P01108,1.0
M00514_P01109,6.487202
M00514_P01114,6.352043
M00514_P01118,1.0
M00515_P00888,6.1041403
M00515_P00889,6.0926538
M00515_P00893,1.0
M00515_P00894,6.0244994
M00515_P00895,6.030485
M00515_P00901,7.153723
M00515_P00909,1.0
M00515_P00922,1.0
M00515_P00927,1.0
M00515_P00931,1.0
M00515_P00935,1.0
M00516_P00266,1.0
M00516_P00271,1.0
M00516_P00278,6.463844
M00516_P00286,6.1717534
M00516_P01201,1.0
M00516_P01209,5.7851973
M00516_P01210,1.0
M00516_P01211,7.0526958
M00516_P01214,6.066731
M00517_P00611,5.8720074
M00517_P00618,6.0928855
M00517_P00619,6.015329
M00517_P00622,1.0
M00517_P00863,6.113752
M00517_P00880,1.0
M00517_P00882,6.65872
M00518_P00209,1.0
M00518_P00210,5.99848
M00518_P00211,1.0
M00518_P00219,6.004563
M00518_P00221,1.0
M00518_P00222,5.931957
M00518_P00232,1.0
M00518_P00234,6.7955694
M00518_P00313,1.0
M00518_P00324,1.0
M00518_P00329,6.4674354
M00518_P00333,1.0
M00518_P00334,6.408954
M00519_P00032,6.6106343
M00519_P00044,1.0
M00519_P00045,6.086251
M00519_P00050,1.0
M00519_P00052,6.422052
M00519_P00625,1.0
M00519_P00630,5.8508067
M00519_P00632,1.0
M00519_P00635,6.243775
M00519_P00644,1.0
M00519_P00645,1.0
M00519_P00650,1.0
M00520_P00761,1.0
M00520_P00772,6.1986327
M00520_P00940,6.005997
M00520_P00948,6.723647
M00520_P00950,6.413745
M00520_P00951,6.7193847
M00520_P00959,6.376608
M00520_P00962,7.185346
M00521_P00108,5.967099
M00521_P00110,5.8319044
M00521_P00114,6.969991
M00521_P00124,6.337687
M00521_P00129,1.0
M00521_P00529,6.132739
M00521_P00535,5.989061
M00521_P00536,6.0433016
M00521_P00542,6.111498
M00521_P00543,1.0
M00522_P00678,1.0
M00522_P00679,6.546365
M00522_P00680,6.0969033
M00522_P00681,1.0
M00522_P00683,6.2106547
M00522_P00694,6.157357
M00522_P00863,1.0
M00522_P00880,6.4907517
M00522_P00882,6.3581553
M00523_P00108,6.1942153
M00523_P00110,1.0
M00523_P00114,6.668797
M00523_P00124,6.720531
M00523_P00129,6.108345
M00523_P00940,1.0
M00523_P00948,6.2943163
M00523_P00950,1.0
M00523_P00951,1.0
M00523_P00959,6.1247787
M00523_P00962,1.0
M00524_P00108,5.851511
M00524_P00110,5.871964
M00524_P00114,1.0
M00524_P00124,6.614303
M00524_P00129,1.0
M00524_P01070,5.8599324
M00524_P01074,6.4230886
M00524_P01082,1.0
M00525_P00863,1.0
M00525_P00880,6.4203143
M00525_P00882,7.3801765
M00525_P01120,1.0
M00526_P00922,5.916235
M00526_P00927,6.1757064
M00526_P00931,1.0
M00526_P00935,1.0
M00526_P01070,6.022958
M00526_P01074,6.8517547
M00526_P01082,5.920996
M00527_P00209,6.3356853
M00527_P00210,1.0
M00527_P00211,1.0
M00527_P00219,6.0807066
M00527_P00221,6.3347583
M00527_P00222,1.0
M00527_P00232,6.250189
M00527_P00234,1.0
M00527_P00732,5.9294114
M00527_P00738,5.9784827
M00527_P00742,1.0
M00527_P00744,1.0
M00527_P00747,1.0
M00527_P00753,1.0
M00528_P00185,1.0
M00528_P00193,6.330054
M00528_P00197,1.0
M00528_P00199,1.0
M00528_P00200,1.0
M00528_P00888,5.753803
M00528_P00889,1.0
M00528_P00893,1.0
M00528_P00894,6.373619
M00528_P00895,6.1469684
M00528_P00901,7.3134956
M00528_P00909,5.9772515
M00529_P00266,6.4134803
M00529_P00271,6.776716
M00529_P00278,7.0264773
M00529_P00286,6.305888
M00529_P00287,1.0
M00529_P00290,6.0324025
M00529_P00291,6.1330147
M00529_P00295,1.0
M00529_P00297,1.0
M00529_P00298,1.0
M00529_P00299,5.8487926
M00529_P00304,5.8278995
M00529_P00307,6.67907
M00529_P00309,1.0
M00529_P00310,6.4987545
M00530_P00574,1.0
M00530_P00579,6.3312144
M00530_P00582,6.3787904
M00530_P00584,1.0
M00530_P00586,5.8774714
M00530_P00590,6.753372
M00530_P00888,1.0
M00530_P00889,5.91454
M00530_P00893,5.8232436
M00530_P00894,1.0
M00530_P00895,6.030129
M00530_P00901,6.762391
M00530_P00909,1.0
M00531_P00313,6.456319
M00531_P00324,6.490313
M00531_P00329,1.0
M00531_P00333,6.741445
M00531_P00334,6.3642745
M00531_P00423,6.641156
M00531_P00424,5.93407
M00531_P00425,6.164021
M00531_P00426,1.0
M00531_P00431,6.079174
M00531_P00436,6.423281
M00531_P00440,5.8583484
M00532_P00209,1.0
M00532_P00210,6.429256
M00532_P00211,1.0
M00532_P00219,6.056689
M00532_P00221,1.0
M00532_P00222,1.0
M00532_P00232,1.0
M00532_P00234,6.699309
M00532_P01070,1.0
M00532_P01074,6.4920645
M00532_P01082,1.0
M00533_P00835,1.0
M00533_P00840,6.5526986
M00533_P00844,6.0613437
M00533_P00847,6.011582
M00533_P00848,6.3181195
M00533_P00856,6.7396092
M00533_P01099,6.0445895
M00533_P01107,1.0
M00533_P01108,6.455852
M00533_P01109,6.21808
M00533_P01114,7.3641143
M00533_P01118,1.0
M00534_P00266,6.4685106
M00534_P00271,1.0
M00534_P00278,6.720702
M00534_P00286,6.4319797
M00534_P01120,1.0
M00535_P00055,1.0
M00535_P00057,6.2178288
M00535_P00059,6.2104445
M00535_P00064,1.0
M00535_P00066,1.0
M00535_P00071,1.0
M00535_P00077,1.0
M00535_P00940,1.0
M00535_P00948,6.2321873
M00535_P00950,1.0
M00535_P00951,6.2359204
M00535_P00959,5.9584312
M00535_P00962,6.9493628
M00536_P00055,1.0
M00536_P00057,5.71437
M00536_P00059,1.0
M00536_P00064,1.0
M00536_P00066,6.782478
M00536_P00071,6.3301477
M00536_P00077,1.0
M00536_P01099,1.0
M00536_P01107,1.0
M00536_P01108,1.0
M00536_P01109,6.5828567
M00536_P01114,6.2998805
M00536_P01118,6.5417857
M00537_P00345,1.0
M00537_P00347,6.4870644
M00537_P00351,6.2058396
M00537_P00353,1.0
M00537_P00359,1.0
M00537_P00362,5.9756703
M00537_P01070,5.9554152
M00537_P01074,6.2973437
M00537_P01082,6.098952
M00538_P01020,6.577097
M00538_P01034,1.0
M00538_P01037,5.698041
M00538_P01038,5.837086
M00538_P01070,5.76725
M00538_P01074,1.0
M00538_P01082,6.240401
M00539_P00888,5.8395886
M00539_P00889,1.0
M00539_P00893,6.145027
M00539_P00894,1.0
M00539_P00895,1.0
M00539_P00901,7.0262403
M00539_P00909,1.0
M00539_P01041,6.0967283
M00539_P01042,1.0
M00539_P01048,1.0
M00539_P01049,1.0
M00539_P01051,6.180714
M00539_P01055,5.862323
M00539_P01063,5.8008857
M00539_P01064,5.8270345
M00540_P00391,1.0
M00540_P00399,6.149981
M00540_P00410,6.2409244
M00540_P00416,6.2979655
M00540_P00782,6.2247953
M00540_P00786,5.9487925
M00540_P00788,1.0
M00540_P00797,1.0
M00540_P00803,6.929408
M00541_P00515,1.0
M00541_P00782,6.358704
M00541_P00786,6.09201
M00541_P00788,1.0
M00541_P00797,1.0
M00541_P00803,6.406453
M00542_P00266,5.980811
M00542_P00271,6.195949
M00542_P00278,6.860477
M00542_P00286,1.0
M00542_P00761,6.24778
M00542_P00772,1.0
M00543_P00345,1.0
M00543_P00347,6.097298
M00543_P00351,6.123988
M00543_P00353,5.882324
M00543_P00359,1.0
M00543_P00362,6.086366
M00543_P00761,6.3572903
M00543_P00772,6.2579317
M00544_P00529,5.8405304
M00544_P00535,1.0
M00544_P00536,1.0
M00544_P00542,1.0
M00544_P00543,1.0
M00544_P01201,6.091225
M00544_P01209,6.3110895
M00544_P01210,5.8457565
M00544_P01211,7.0878906
M00544_P01214,6.3162665
M00545_P00209,1.0
M00545_P00210,6.3489423
M00545_P00211,1.0
M00545_P00219,1.0
M00545_P00221,6.3164425
M00545_P00222,6.443628
M00545_P00232,6.2220774
M00545_P00234,7.295049
M00545_P00655,1.0
M00545_P00662,5.9982758
M00545_P00666,6.122848
M00545_P00668,5.8377757
M00545_P00669,6.29329
M00545_P00673,6.789354
M00545_P00674,6.1559234
M00546_P00835,6.1389647
M00546_P00840,5.8768973
M00546_P00844,1.0
M00546_P00847,5.9330573
M00546_P00848,5.9086556
M00546_P00856,1.0
M00546_P00940,6.0173965
M00546_P00948,1.0
M00546_P00950,6.729659
M00546_P00951,6.2890506
M00546_P00959,1.0
M00546_P00962,6.9108644
M00547_P00391,1.0
M00547_P00399,6.1232133
M00547_P00410,1.0
M00547_P00416,6.0128474
M00547_P00782,6.186121
M00547_P00786,6.105311
M00547_P00788,1.0
M00547_P00797,1.0
M00547_P00803,1.0
M00548_P00391,1.0
M00548_P00399,1.0
M00548_P00410,1.0
M00548_P00416,1.0
M00548_P00732,1.0
M00548_P00738,1.0
M00548_P00742,1.0
M00548_P00744,5.9852753
M00548_P00747,7.365329
M00548_P00753,6.2605014
M00549_P00079,5.797154
M00549_P00082,5.9374866
M00549_P00087,5.995063
M00549_P00097,1.0
M00549_P00102,1.0
M00549_P00515,5.9370484
M00550_P00266,6.491682
M00550_P00271,1.0
M00550_P00278,6.501441
M00550_P00286,6.1418557
M00550_P00391,1.0
M00550_P00399,6.4976892
M00550_P00410,6.7806077
M00550_P00416,6.334623
M00551_P00266,1.0
M00551_P00271,6.2356844
M00551_P00278,6.2346025
M00551_P00286,1.0
M00551_P00313,1.0
M00551_P00324,6.244022
M00551_P00329,1.0
M00551_P00333,6.045347
M00551_P00334,6.5115833
M00552_P00515,1.0
M00552_P00807,1.0
M00552_P00812,1.0
M00552_P00819,1.0
M00552_P00826,6.368329
M00552_P00827,6.6587234
M00553_P00136,1.0
M00553_P00141,6.546196
M00553_P00148,5.953643
M00553_P00156,1.0
M00553_P00678,6.128706
M00553_P00679,1.0
M00553_P00680,5.8497605
M00553_P00681,1.0
M00553_P00683,6.1885858
M00553_P00694,7.0257874
M00554_P00345,5.9198484
M00554_P00347,1.0
M00554_P00351,6.434292
M00554_P00353,5.851765
M00554_P00359,1.0
M00554_P00362,1.0
M00554_P00391,1.0
M00554_P00399,1.0
M00554_P00410,1.0
M00554_P00416,6.398508
M00555_P00079,1.0
M00555_P00082,1.0
M00555_P00087,1.0
M00555_P00097,1.0
M00555_P00102,5.93867
M00555_P00108,6.124376
M00555_P00110,6.1371217
M00555_P00114,1.0
M00555_P00124,1.0
M00555_P00129,1.0
M00556_P00991,1.0
M00556_P00993,1.0
M00556_P00997,1.0
M00556_P01000,1.0
M00556_P01010,6.145876
M00556_P01099,6.181298
M00556_P01107,6.0340066
M00556_P01108,1.0
M00556_P01109,1.0
M00556_P01114,1.0
M00556_P01118,6.063278
M00557_P00478,1.0
M00557_P00479,6.3343906
M00557_P00486,6.453939
M00557_P00491,6.048654
M00557_P00922,6.1525364
M00557_P00927,5.900782
M00557_P00931,6.2469945
M00557_P00935,6.395004
M00558_P00209,1.0
M00558_P00210,6.417619
M00558_P00211,1.0
M00558_P00219,1.0
M00558_P00221,1.0
M00558_P00222,6.050731
M00558_P00232,5.935429
M00558_P00234,7.2532783
M00558_P00705,1.0
M00558_P00707,6.6950445
M00558_P00716,1.0
M00558_P00718,6.584278
M00558_P00724,1.0
M00558_P00728,6.143947
M00559_P00611,6.0082216
M00559_P00618,5.9500217
M00559_P00619,1.0
M00559_P00622,1.0
M00559_P00655,6.240325
M00559_P00662,5.94785
M00559_P00666,6.4093323
M00559_P00668,5.782767
M00559_P00669,6.3727303
M00559_P00673,1.0
M00559_P00674,1.0
M00560_P00079,1.0
M00560_P00082,7.040001
M00560_P00087,1.0
M00560_P00097,6.52073
M00560_P00102,1.0
M00560_P00965,5.86072
M00560_P00966,6.043803
M00560_P00975,6.515683
M00560_P00978,1.0
M00560_P00980,1.0
M00560_P00986,1.0
M00561_P00611,6.159428
M00561_P00618,5.8544297
M00561_P00619,5.9075913
M00561_P00622,6.3432264
M00561_P00940,6.8003945
M00561_P00948,6.7526026
M00561_P00950,1.0
M00561_P00951,6.4298244
M00561_P00959,1.0
M00561_P00962,1.0
M00562_P00625,1.0
M00562_P00630,1.0
M00562_P00632,6.3191233
M00562_P00635,1.0
M00562_P00644,6.558335
M00562_P00645,7.531819
M00562_P00650,6.169879
M00562_P00863,1.0
M00562_P00880,1.0
M00562_P00882,6.1427984
M00563_P01020,6.05169
M00563_P01034,1.0
M00563_P01037,5.8347645
M00563_P01038,5.837119
M00563_P01146,6.114755
M00563_P01157,6.228949
M00563_P01166,5.974888
M00563_P01169,6.034443
M00564_P00157,1.0
M00564_P00159,6.0718765
M00564_P00164,1.0
M00564_P00169,6.3503222
M00564_P00171,6.0407953
M00564_P00175,6.4298825
M00564_P00209,5.9063754
M00564_P00210,1.0
M00564_P00211,1.0
M00564_P00219,1.0
M00564_P00221,6.704114
M00564_P00222,6.1113825
M00564_P00232,6.025894
M00564_P00234,1.0
M00565_P00549,6.182903
M00565_P00552,1.0
M00565_P00554,5.991617
M00565_P00561,1.0
M00565_P00562,6.076218
M00565_P00568,1.0
M00565_P00940,6.0195775
M00565_P00948,1.0
M00565_P00950,6.1062284
M00565_P00951,1.0
M00565_P00959,5.9934144
M00565_P00962,6.2163687
M00566_P00313,1.0
M00566_P00324,6.3464613
M00566_P00329,5.8363733
M00566_P00333,6.09786
M00566_P00334,1.0
M00566_P01020,6.592853
M00566_P01034,1.0
M00566_P01037,5.6720276
M00566_P01038,1.0
M00567_P00055,1.0
M00567_P00057,6.1795263
M00567_P00059,6.626261
M00567_P00064,6.3535438
M00567_P00066,1.0
M00567_P00071,6.7719088
M00567_P00077,6.4577203
M00567_P00835,1.0
M00567_P00840,5.8372726
M00567_P00844,5.9104357
M00567_P00847,5.7455196
M00567_P00848,1.0
M00567_P00856,1.0
M00568_P00209,6.021146
M00568_P00210,1.0
M00568_P00211,1.0
M00568_P00219,5.9153485
M00568_P00221,6.3049893
M00568_P00222,1.0
M00568_P00232,5.8017097
M00568_P00234,1.0
M00568_P01201,1.0
M00568_P01209,5.960636
M00568_P01210,1.0
M00568_P01211,1.0
M00568_P01214,5.915557
M00569_P00761,1.0
M00569_P00772,5.9632597
M00569_P00863,1.0
M00569_P00880,1.0
M00569_P00882,1.0
M00570_P00529,6.0873632
M00570_P00535,6.1708674
M00570_P00536,1.0
M00570_P00542,6.0622525
M00570_P00543,6.393906
M00570_P01041,1.0
M00570_P01042,1.0
M00570_P01048,6.482538
M00570_P01049,6.382597
M00570_P01051,6.2647643
M00570_P01055,1.0
M00570_P01063,6.0625577
M00570_P01064,1.0
M00571_P00655,6.430091
M00571_P00662,1.0
M00571_P00666,1.0
M00571_P00668,5.8266706
M00571_P00669,6.363987
M00571_P00673,6.0476837
M00571_P00674,1.0
M00571_P01041,6.0916743
M00571_P01042,1.0
M00571_P01048,1.0
M00571_P01049,7.0713887
M00571_P01051,1.0
M00571_P01055,6.0993247
M00571_P01063,6.0158267
M00571_P01064,5.8828483
M00572_P00549,1.0
M00572_P00552,5.9515214
M00572_P00554,1.0
M00572_P00561,1.0
M00572_P00562,1.0
M00572_P00568,1.0
M00572_P00965,5.9153843
M00572_P00966,5.7724133
M00572_P00975,6.647729
M00572_P00978,6.6046352
M00572_P00980,6.672658
M00572_P00986,6.3321395
M00573_P00940,5.769557
M00573_P00948,6.6404157
M00573_P00950,6.461296
M00573_P00951,6.4703918
M00573_P00959,6.0264444
M00573_P00962,7.38505
M00573_P01177,6.501571
M00573_P01182,6.0084968
M00573_P01184,6.4150605
M00573_P01193,1.0
M00573_P01196,1.0
M00574_P00032,1.0
M00574_P00044,6.8309245
M00574_P00045,1.0
M00574_P00050,6.0486717
M00574_P00052,6.4882145
M00574_P00625,1.0
M00574_P00630,5.8406067
M00574_P00632,6.527708
M00574_P00635,1.0
M00574_P00644,6.839182
M00574_P00645,1.0
M00574_P00650,1.0
M00575_P00678,6.2787433
M00575_P00679,1.0
M00575_P00680,1.0
M00575_P00681,5.9281
M00575_P00683,6.2267027
M00575_P00694,6.4310184
M00575_P00991,6.504548
M00575_P00993,5.7806716
M00575_P00997,5.7903996
M00575_P01000,1.0
M00575_P01010,5.9979787
M00576_P00782,1.0
M00576_P00786,1.0
M00576_P00788,6.617302
M00576_P00797,6.417418
M00576_P00803,6.6356683
M00576_P00991,1.0
M00576_P00993,6.1624365
M00576_P00997,6.0678997
M00576_P01000,1.0
M00576_P01010,1.0
M00577_P00079,6.0263696
M00577_P00082,1.0
M00577_P00087,6.106101
M00577_P00097,6.51353
M00577_P00102,5.9375653
M00577_P01201,1.0
M00577_P01209,6.054267
M00577_P01210,6.005589
M00577_P01211,7.0767865
M00577_P01214,6.037288
M00578_P00266,1.0
M00578_P00271,1.0
M00578_P00278,6.637625
M00578_P00286,6.942421
M00578_P00888,6.4477034
M00578_P00889,1.0
M00578_P00893,5.8946524
M00578_P00894,1.0
M00578_P00895,6.45056
M00578_P00901,6.594009
M00578_P00909,1.0
M00579_P00241,6.043504
M00579_P00244,5.8102794
M00579_P00245,5.886902
M00579_P00248,6.0801406
M00579_P00255,7.1470456
M00579_P00260,7.6381154
M00579_P01146,6.1153917
M00579_P01157,6.247948
M00579_P01166,6.2567115
M00579_P01169,1.0
M00580_P00940,6.0275655
M00580_P00948,1.0
M00580_P00950,6.2398505
M00580_P00951,6.3629713
M00580_P00959,1.0
M00580_P00962,1.0
M00580_P01177,1.0
M00580_P01182,6.3433723
M00580_P01184,1.0
M00580_P01193,6.0781155
M00580_P01196,6.229453
M00581_P00032,6.7539077
M00581_P00044,7.1386003
M00581_P00045,6.2246413
M00581_P00050,6.7225432
M00581_P00052,6.1367984
M00581_P00761,1.0
M00581_P00772,5.950477
M00582_P00241,1.0
M00582_P00244,5.844125
M00582_P00245,5.99469
M00582_P00248,6.558742
M00582_P00255,1.0
M00582_P00260,6.57689
M00582_P00705,1.0
M00582_P00707,6.1933446
M00582_P00716,6.6792254
M00582_P00718,1.0
M00582_P00724,6.019205
M00582_P00728,1.0
M00583_P00678,5.973634
M00583_P00679,1.0
M00583_P00680,1.0
M00583_P00681,5.824034
M00583_P00683,5.930307
M00583_P00694,6.4917417
M00583_P00863,1.0
M00583_P00880,1.0
M00583_P00882,7.577909
M00584_P01201,5.7964964
M00584_P01209,5.8021884
M00584_P01210,1.0
M00584_P01211,7.083956
M00584_P01214,5.944277
M00584_P01223,1.0
M00584_P01234,6.4951777
M00584_P01236,1.0
M00584_P01241,6.154659
M00584_P01242,5.7999177
M00585_P00345,1.0
M00585_P00347,6.2890024
M00585_P00351,6.3821807
M00585_P00353,6.1531553
M00585_P00359,1.0
M00585_P00362,5.9918795
M00585_P00863,6.022104
M00585_P00880,6.236158
M00585_P00882,6.843238
M00586_P00782,1.0
M00586_P00786,6.017049
M00586_P00788,1.0
M00586_P00797,1.0
M00586_P00803,1.0
M00586_P01099,6.3474145
M00586_P01107,6.080565
M00586_P01108,6.6881275
M00586_P01109,6.2172775
M00586_P01114,6.3789334
M00586_P01118,6.5081854
M00587_P00287,6.3322515
M00587_P00290,1.0
M00587_P00291,6.096248
M00587_P00295,1.0
M00587_P00297,1.0
M00587_P00298,1.0
M00587_P00299,1.0
M00587_P00304,5.9442024
M00587_P00307,6.108983
M00587_P00309,6.72152
M00587_P00310,6.095204
M00587_P00529,1.0
M00587_P00535,6.2774873
M00587_P00536,6.0664725
M00587_P00542,6.081969
M00587_P00543,1.0
M00588_P00574,1.0
M00588_P00579,6.2554646
M00588_P00582,1.0
M00588_P00584,1.0
M00588_P00586,1.0
M00588_P00590,6.6586614
M00588_P00888,1.0
M00588_P00889,6.0015187
M00588_P00893,5.808527
M00588_P00894,1.0
M00588_P00895,1.0
M00588_P00901,7.269953
M00588_P00909,1.0
M00589_P00782,1.0
M00589_P00786,5.9471464
M00589_P00788,6.176656
M00589_P00797,5.9808865
M00589_P00803,5.9153047
M00589_P01020,6.4851146
M00589_P01034,5.7619157
M00589_P01037,5.8198276
M00589_P01038,1.0
M00590_P00443,1.0
M00590_P00448,5.843145
M00590_P00452,1.0
M00590_P00462,6.1110873
M00590_P00463,6.630215
M00590_P00465,6.14777
M00590_P00468,5.9668226
M00590_P00940,1.0
M00590_P00948,1.0
M00590_P00950,6.277473
M00590_P00951,6.153735
M00590_P00959,5.8057857
M00590_P00962,6.6087413
M00591_P00478,5.8222895
M00591_P00479,1.0
M00591_P00486,5.9163666
M00591_P00491,6.032319
M00591_P00515,6.1865125
M00592_P01146,6.117831
M00592_P01157,5.9191175
M00592_P01166,6.3945355
M00592_P01169,5.9307013
M00592_P01201,6.013235
M00592_P01209,5.892534
M00592_P01210,1.0
M00592_P01211,1.0
M00592_P01214,5.8937335
M00593_P00574,6.2322993
M00593_P00579,6.380684
M00593_P00582,1.0
M00593_P00584,1.0
M00593_P00586,5.8536816
M00593_P00590,1.0
M00593_P00782,1.0
M00593_P00786,6.172313
M00593_P00788,6.108027
M00593_P00797,1.0
M00593_P00803,6.6917725
M00594_P00185,6.275848
M00594_P00193,6.0386467
M00594_P00197,5.7075033
M00594_P00199,5.99415
M00594_P00200,5.984507
M00594_P00478,1.0
M00594_P00479,6.7044096
M00594_P00486,6.453622
M00594_P00491,1.0
M00595_P00574,1.0
M00595_P00579,1.0
M00595_P00582,6.6937804
M00595_P00584,6.539361
M00595_P00586,6.0848618
M00595_P00590,1.0
M00595_P00655,1.0
M00595_P00662,5.9524884
M00595_P00666,6.3228316
M00595_P00668,1.0
M00595_P00669,6.0500216
M00595_P00673,6.0746155
M00595_P00674,5.8740335
M00596_P00055,6.242529
M00596_P00057,5.9690685
M00596_P00059,6.6902795
M00596_P00064,1.0
M00596_P00066,6.969615
M00596_P00071,6.2939878
M00596_P00077,6.1146717
M00596_P00478,1.0
M00596_P00479,1.0
M00596_P00486,1.0
M00596_P00491,1.0
M00597_P00574,1.0
M00597_P00579,6.212408
M00597_P00582,1.0
M00597_P00584,6.0498095
M00597_P00586,5.964059
M00597_P00590,7.0296416
M00597_P00761,1.0
M00597_P00772,1.0
M00598_P00782,1.0
M00598_P00786,1.0
M00598_P00788,6.10952
M00598_P00797,1.0
M00598_P00803,6.371016
M00598_P01223,6.3239098
M00598_P01234,1.0
M00598_P01236,6.007496
M00598_P01241,6.210967
M00598_P01242,1.0
M00599_P00443,1.0
M00599_P00448,5.83274
M00599_P00452,6.1334467
M00599_P00462,1.0
M00599_P00463,6.747714
M00599_P00465,1.0
M00599_P00468,6.216029
M00599_P00888,6.045149
M00599_P00889,6.063967
M00599_P00893,6.0198054
M00599_P00894,5.990612
M00599_P00895,6.2319117
M00599_P00901,1.0
M00599_P00909,6.4997854
M00600_P00157,1.0
M00600_P00159,1.0
M00600_P00164,6.762022
M00600_P00169,1.0
M00600_P00171,6.4771223
M00600_P00175,6.669683
M00600_P00209,6.0541625
M00600_P00210,1.0
M00600_P00211,1.0
M00600_P00219,6.2026854
M00600_P00221,6.660182
M00600_P00222,1.0
M00600_P00232,5.8912
M00600_P00234,6.5665464
M00601_P00079,1.0
M00601_P00082,6.0762467
M00601_P00087,1.0
M00601_P00097,1.0
M00601_P00102,6.1961155
M00601_P00391,1.0
M00601_P00399,6.0164433
M00601_P00410,6.1912208
M00601_P00416,6.4365697
M00602_P00368,6.032481
M00602_P00372,1.0
M00602_P00378,6.186278
M00602_P00382,1.0
M00602_P00383,6.0838356
M00602_P01041,6.179862
M00602_P01042,1.0
M00602_P01048,6.13869
M00602_P01049,1.0
M00602_P01051,6.0908217
M00602_P01055,1.0
M00602_P01063,6.025596
M00602_P01064,1.0
M00603_P00549,5.9345655
M00603_P00552,6.0828795
M00603_P00554,1.0
M00603_P00561,6.8415213
M00603_P00562,6.1069164
M00603_P00568,1.0
M00603_P00678,1.0
M00603_P00679,6.222615
M00603_P00680,5.8798914
M00603_P00681,5.8490143
M00603_P00683,1.0
M00603_P00694,1.0
M00604_P00157,6.4049454
M00604_P00159,1.0
M00604_P00164,6.5211887
M00604_P00169,5.8585367
M00604_P00171,6.3234897
M00604_P00175,6.4315395
M00604_P01146,1.0
M00604_P01157,6.26523
M00604_P01166,6.0623035
M00604_P01169,1.0
M00605_P00011,1.0
M00605_P00024,5.7767234
M00605_P00940,1.0
M00605_P00948,6.124252
M00605_P00950,6.471097
M00605_P00951,6.3264837
M00605_P00959,1.0
M00605_P00962,6.7412105
M00606_P00782,6.081957
M00606_P00786,1.0
M00606_P00788,6.3535414
M00606_P00797,6.215836
M00606_P00803,6.325354
M00606_P01070,5.97834
M00606_P01074,6.590724
M00606_P01082,1.0
M00607_P00478,5.9988017
M00607_P00479,1.0
M00607_P00486,6.206833
M00607_P00491,1.0
M00607_P00549,1.0
M00607_P00552,6.1954255
M00607_P00554,6.0954328
M00607_P00561,6.8889
M00607_P00562,1.0
M00607_P00568,1.0
M00608_P00136,1.0
M00608_P00141,6.6623216
M00608_P00148,5.841631
M00608_P00156,1.0
M00608_P01099,6.217332
M00608_P01107,6.2757506
M00608_P01108,1.0
M00608_P01109,6.589583
M00608_P01114,6.406205
M00608_P01118,6.630182
M00609_P00888,5.7584376
M00609_P00889,1.0
M00609_P00893,6.2651587
M00609_P00894,1.0
M00609_P00895,6.12365
M00609_P00901,1.0
M00609_P00909,6.3505125
M00609_P01223,1.0
M00609_P01234,7.038499
M00609_P01236,5.955665
M00609_P01241,6.413575
M00609_P01242,6.123599
M00610_P00287,1.0
M00610_P00290,5.969923
M00610_P00291,1.0
M00610_P00295,7.597913
M00610_P00297,6.0137486
M00610_P00298,1.0
M00610_P00299,5.9839206
M00610_P00304,6.7073245
M00610_P00307,6.2635045
M00610_P00309,6.3535666
M00610_P00310,1.0
M00610_P00678,6.083363
M00610_P00679,1.0
M00610_P00680,5.8731284
M00610_P00681,1.0
M00610_P00683,1.0
M00610_P00694,1.0
M00611_P00287,1.0
M00611_P00290,6.4124756
M00611_P00291,5.956544
M00611_P00295,1.0
M00611_P00297,1.0
M00611_P00298,1.0
M00611_P00299,1.0
M00611_P00304,6.0318255
M00611_P00307,6.56231
M00611_P00309,6.9136376
M00611_P00310,6.3160424
M00611_P00807,1.0
M00611_P00812,6.6490655
M00611_P00819,5.970543
M00611_P00826,1.0
M00611_P00827,6.223435
M00612_P00011,1.0
M00612_P00024,6.1164804
M00612_P00055,1.0
M00612_P00057,6.1126676
M00612_P00059,6.2592335
M00612_P00064,5.8666124
M00612_P00066,7.1117105
M00612_P00071,1.0
M00612_P00077,6.3429646
M00613_P00478,1.0
M00613_P00479,1.0
M00613_P00486,6.5917196
M00613_P00491,5.9564414
M00613_P00549,1.0
M00613_P00552,1.0
M00613_P00554,1.0
M00613_P00561,6.9441676
M00613_P00562,1.0
M00613_P00568,5.904546
M00614_P00209,1.0
M00614_P00210,1.0
M00614_P00211,5.966225
M00614_P00219,5.936126
M00614_P00221,1.0
M00614_P00222,6.5561895
M00614_P00232,1.0
M00614_P00234,6.7974935
M00614_P00863,6.0448537
M00614_P00880,6.096155
M00614_P00882,1.0
M00615_P00185,1.0
M00615_P00193,6.347493
M00615_P00197,1.0
M00615_P00199,5.7238245
M00615_P00200,6.0964975
M00615_P00313,1.0
M00615_P00324,1.0
M00615_P00329,5.8499613
M00615_P00333,6.4218884
M00615_P00334,6.8396044
M00616_P00761,6.704183
M00616_P00772,6.0740724
M00616_P01201,1.0
M00616_P01209,1.0
M00616_P01210,5.836394
M00616_P01211,6.311142
M00616_P01214,1.0
M00617_P00287,1.0
M00617_P00290,6.1863413
M00617_P00291,1.0
M00617_P00295,6.8154945
M00617_P00297,6.3496323
M00617_P00298,5.897713
M00617_P00299,1.0
M00617_P00304,6.220458
M00617_P00307,1.0
M00617_P00309,7.0818763
M00617_P00310,1.0
M00617_P01177,1.0
M00617_P01182,5.8936067
M00617_P01184,1.0
M00617_P01193,1.0
M00617_P01196,6.2448983
M00618_P00478,6.2130256
M00618_P00479,6.8838797
M00618_P00486,1.0
M00618_P00491,6.3362374
M00618_P00965,6.0925665
M00618_P00966,1.0
M00618_P00975,7.0070257
M00618_P00978,1.0
M00618_P00980,1.0
M00618_P00986,6.927611
M00619_P00287,1.0
M00619_P00290,5.8907075
M00619_P00291,1.0
M00619_P00295,1.0
M00619_P00297,1.0
M00619_P00298,5.9641356
M00619_P00299,1.0
M00619_P00304,1.0
M00619_P00307,5.9959936
M00619_P00309,6.447503
M00619_P00310,1.0
M00619_P01041,1.0
M00619_P01042,1.0
M00619_P01048,1.0
M00619_P01049,1.0
M00619_P01051,1.0
M00619_P01055,5.90899
M00619_P01063,1.0
M00619_P01064,6.053735
M00620_P00705,6.1485744
M00620_P00707,6.420671
M00620_P00716,6.322762
M00620_P00718,1.0
M00620_P00724,5.9256673
M00620_P00728,1.0
M00620_P00863,1.0
M00620_P00880,1.0
M00620_P00882,1.0
M00621_P00655,6.515988
M00621_P00662,1.0
M00621_P00666,6.513118
M00621_P00668,1.0
M00621_P00669,6.397241
M00621_P00673,6.06846
M00621_P00674,1.0
M00621_P01120,6.257756
M00622_P00209,1.0
M00622_P00210,6.4680996
M00622_P00211,1.0
M00622_P00219,5.689968
M00622_P00221,6.4938173
M00622_P00222,1.0
M00622_P00232,5.9608426
M00622_P00234,1.0
M00622_P00807,1.0
M00622_P00812,1.0
M00622_P00819,5.9139795
M00622_P00826,6.0062847
M00622_P00827,6.9547153
M00623_P00011,1.0
M00623_P00024,6.3373976
M00623_P00443,1.0
M00623_P00448,6.0034733
M00623_P00452,1.0
M00623_P00462,1.0
M00623_P00463,6.2269835
M00623_P00465,6.502483
M00623_P00468,1.0
M00624_P00443,6.229782
M00624_P00448,1.0
M00624_P00452,1.0
M00624_P00462,5.9812937
M00624_P00463,6.1748405
M00624_P00465,1.0
M00624_P00468,5.914034
M00624_P00732,1.0
M00624_P00738,6.458443
M00624_P00742,6.374942
M00624_P00744,5.812097
M00624_P00747,1.0
M00624_P00753,1.0
M00625_P00965,1.0
M00625_P00966,1.0
M00625_P00975,6.5771356
M00625_P00978,1.0
M00625_P00980,1.0
M00625_P00986,6.383769
M00625_P01223,1.0
M00625_P01234,6.6702623
M00625_P01236,5.885307
M00625_P01241,1.0
M00625_P01242,5.8217916
M00626_P00423,6.719392
M00626_P00424,5.9506187
M00626_P00425,6.2435884
M00626_P00426,1.0
M00626_P00431,5.98642
M00626_P00436,6.64661
M00626_P00440,1.0
M00626_P01099,6.388283
M00626_P01107,1.0
M00626_P01108,6.7250404
M00626_P01109,6.7071924
M00626_P01114,6.411227
M00626_P01118,1.0
M00627_P00079,6.163394
M00627_P00082,5.961652
M00627_P00087,6.052233
M00627_P00097,6.315698
M00627_P00102,1.0
M00627_P01120,6.248105
M00628_P00266,1.0
M00628_P00271,6.3995814
M00628_P00278,6.973669
M00628_P00286,6.803771
M00628_P00515,1.0
M00629_P00185,6.259289
M00629_P00193,6.3453555
M00629_P00197,5.7740135
M00629_P00199,1.0
M00629_P00200,1.0
M00629_P01146,1.0
M00629_P01157,1.0
M00629_P01166,6.329775
M00629_P01169,6.0427356
M00630_P00611,1.0
M00630_P00618,6.2242074
M00630_P00619,5.9873285
M00630_P00622,5.8764057
M00630_P01041,6.2134123
M00630_P01042,1.0
M00630_P01048,6.56154
M00630_P01049,1.0
M00630_P01051,6.4845853
M00630_P01055,5.9685297
M00630_P01063,6.1115246
M00630_P01064,1.0
M00631_P00209,1.0
M00631_P00210,6.577564
M00631_P00211,1.0
M00631_P00219,1.0
M00631_P00221,6.236366
M00631_P00222,6.1515474
M00631_P00232,1.0
M00631_P00234,7.6270146
M00631_P00807,1.0
M00631_P00812,7.1491656
M00631_P00819,1.0
M00631_P00826,1.0
M00631_P00827,6.498781
M00632_P00991,6.155444
M00632_P00993,6.0223255
M00632_P00997,6.3261256
M00632_P01000,1.0
M00632_P01010,6.261561
M00632_P01223,1.0
M00632_P01234,1.0
M00632_P01236,5.9711804
M00632_P01241,6.039628
M00632_P01242,1.0
M00633_P00922,6.550788
M00633_P00927,1.0
M00633_P00931,5.92132
M00633_P00935,6.113979
M00633_P01146,1.0
M00633_P01157,1.0
M00633_P01166,1.0
M00633_P01169,1.0
M00634_P00391,1.0
M00634_P00399,6.663237
M00634_P00410,1.0
M00634_P00416,6.6992273
M00634_P01146,6.1126823
M00634_P01157,5.794675
M00634_P01166,6.0951147
M00634_P01169,1.0
M00635_P00732,1.0
M00635_P00738,1.0
M00635_P00742,6.098065
M00635_P00744,6.051799
M00635_P00747,7.090754
M00635_P00753,5.8620014
M00635_P00863,5.815992
M00635_P00880,1.0
M00635_P00882,1.0
M00636_P00108,1.0
M00636_P00110,6.0263066
M00636_P00114,6.602377
M00636_P00124,6.1230083
M00636_P00129,6.4404564
M00636_P00965,1.0
M00636_P00966,1.0
M00636_P00975,6.9607863
M00636_P00978,6.845834
M00636_P00980,6.3597984
M00636_P00986,1.0
M00637_P00835,6.041824
M00637_P00840,6.013988
M00637_P00844,5.9410963
M00637_P00847,1.0
M00637_P00848,5.8268485
M00637_P00856,6.583164
M00637_P00922,6.496952
M00637_P00927,1.0
M00637_P00931,1.0
M00637_P00935,6.7178407
M00638_P00266,6.303338
M00638_P00271,6.4017663
M00638_P00278,6.421403
M00638_P00286,6.2125845
M00638_P00549,1.0
M00638_P00552,6.2991385
M00638_P00554,1.0
M00638_P00561,6.9389224
M00638_P00562,1.0
M00638_P00568,5.982987
M00639_P00185,1.0
M00639_P00193,1.0
M00639_P00197,5.9672823
M00639_P00199,6.283611
M00639_P00200,1.0
M00639_P01146,1.0
M00639_P01157,5.963155
M00639_P01166,1.0
M00639_P01169,5.887291
M00640_P00136,6.987677
M00640_P00141,6.8895473
M00640_P00148,1.0
M00640_P00156,6.4322653
M00640_P00863,5.982649
M00640_P00880,1.0
M00640_P00882,6.454752
M00641_P00209,6.243289
M00641_P00210,1.0
M00641_P00211,1.0
M00641_P00219,1.0
M00641_P00221,6.457329
M00641_P00222,6.7059712
M00641_P00232,1.0
M00641_P00234,6.605283
M00641_P00761,1.0
M00641_P00772,5.6753683
M00642_P00761,6.2952275
M00642_P00772,5.9653053
M00642_P00965,6.1718845
M00642_P00966,1.0
M00642_P00975,1.0
M00642_P00978,6.8177867
M00642_P00980,1.0
M00642_P00986,6.4201326
M00643_P00515,1.0
M00643_P01120,1.0
M00644_P00423,6.513312
M00644_P00424,6.3552346
M00644_P00425,6.3670716
M00644_P00426,1.0
M00644_P00431,1.0
M00644_P00436,1.0
M00644_P00440,6.0011487
M00644_P00655,6.1645494
M00644_P00662,5.9772468
M00644_P00666,6.280248
M00644_P00668,5.8615336
M00644_P00669,1.0
M00644_P00673,6.297011
M00644_P00674,1.0
M00645_P00108,1.0
M00645_P00110,5.6946297
M00645_P00114,6.852132
M00645_P00124,1.0
M00645_P00129,1.0
M00645_P00965,6.37659
M00645_P00966,1.0
M00645_P00975,7.3131247
M00645_P00978,6.6036143
M00645_P00980,1.0
M00645_P00986,6.7695947
M00646_P00574,1.0
M00646_P00579,1.0
M00646_P00582,1.0
M00646_P00584,1.0
M00646_P00586,5.9662623
M00646_P00590,6.6552396
M00646_P01177,1.0
M00646_P01182,1.0
M00646_P01184,6.180808
M00646_P01193,6.0700474
M00646_P01196,1.0
M00647_P00108,1.0
M00647_P00110,1.0
M00647_P00114,1.0
M00647_P00124,6.6726775
M00647_P00129,6.068235
M00647_P00807,1.0
M00647_P00812,1.0
M00647_P00819,1.0
M00647_P00826,6.2875843
M00647_P00827,6.083231
M00648_P00287,6.1558757
M00648_P00290,5.8764906
M00648_P00291,6.437031
M00648_P00295,1.0
M00648_P00297,1.0
M00648_P00298,1.0
M00648_P00299,1.0
M00648_P00304,6.040474
M00648_P00307,5.97277
M00648_P00309,6.660674
M00648_P00310,6.3058906
M00648_P00678,1.0
M00648_P00679,6.5294228
M00648_P00680,5.9693303
M00648_P00681,6.2611074
M00648_P00683,6.328046
M00648_P00694,6.7089186
M00649_P01070,5.805492
M00649_P01074,6.41707
M00649_P01082,6.3232536
M00649_P01223,6.446787
M00649_P01234,6.513481
M00649_P01236,5.965366
M00649_P01241,6.5191307
M00649_P01242,5.9221277
M00650_P00611,1.0
M00650_P00618,6.658787
M00650_P00619,1.0
M00650_P00622,1.0
M00650_P00655,1.0
M00650_P00662,1.0
M00650_P00666,6.1455016
M00650_P00668,5.8447566
M00650_P00669,6.1861205
M00650_P00673,6.6463547
M00650_P00674,6.108914
M00651_P00136,7.095594
M00651_P00141,1.0
M00651_P00148,1.0
M00651_P00156,1.0
M00651_P00625,1.0
M00651_P00630,1.0
M00651_P00632,6.135952
M00651_P00635,6.2742114
M00651_P00644,6.294728
M00651_P00645,6.517845
M00651_P00650,1.0
M00652_P00574,1.0
M00652_P00579,6.2501755
M00652_P00582,6.691485
M00652_P00584,1.0
M00652_P00586,6.326424
M00652_P00590,1.0
M00652_P01070,1.0
M00652_P01074,6.1924944
M00652_P01082,1.0
M00653_P00655,6.5031085
M00653_P00662,5.7137427
M00653_P00666,1.0
M00653_P00668,5.7515993
M00653_P00669,1.0
M00653_P00673,6.2048826
M00653_P00674,6.097913
M00653_P00888,5.9081726
M00653_P00889,5.8195877
M00653_P00893,5.8155766
M00653_P00894,1.0
M00653_P00895,1.0
M00653_P00901,1.0
M00653_P00909,1.0
M00654_P00368,1.0
M00654_P00372,6.1405444
M00654_P00378,5.836531
M00654_P00382,6.106227
M00654_P00383,6.07171
M00654_P01201,1.0
M00654_P01209,6.3562794
M00654_P01210,6.5101056
M00654_P01211,6.8259964
M00654_P01214,6.0876684
M00655_P00515,1.0
M00655_P00782,1.0
M00655_P00786,1.0
M00655_P00788,1.0
M00655_P00797,1.0
M00655_P00803,5.9487133
M00656_P00625,6.7880416
M00656_P00630,1.0
M00656_P00632,6.6107287
M00656_P00635,6.177913
M00656_P00644,5.9734025
M00656_P00645,7.1868486
M00656_P00650,6.5963707
M00656_P00888,6.049029
M00656_P00889,5.7153025
M00656_P00893,6.2759595
M00656_P00894,6.3902764
M00656_P00895,1.0
M00656_P00901,6.412443
M00656_P00909,1.0
M00657_P00574,1.0
M00657_P00579,6.447651
M00657_P00582,6.5079923
M00657_P00584,1.0
M00657_P00586,6.0088005
M00657_P00590,1.0
M00657_P00761,1.0
M00657_P00772,5.9051695
M00658_P00313,1.0
M00658_P00324,1.0
M00658_P00329,5.712262
M00658_P00333,1.0
M00658_P00334,6.129071
M00658_P01223,6.3566394
M00658_P01234,1.0
M00658_P01236,6.1354656
M00658_P01241,6.4271398
M00658_P01242,6.1863465
M00659_P00055,1.0
M00659_P00057,1.0
M00659_P00059,6.340881
M00659_P00064,1.0
M00659_P00066,1.0
M00659_P00071,6.62771
M00659_P00077,6.22927
M00659_P01120,1.0
M00660_P00345,1.0
M00660_P00347,1.0
M00660_P00351,6.5273275
M00660_P00353,6.012002
M00660_P00359,5.9140387
M00660_P00362,6.696155
M00660_P00391,1.0
M00660_P00399,1.0
M00660_P00410,6.346
M00660_P00416,6.1819754
M00661_P00055,1.0
M00661_P00057,5.889346
M00661_P00059,1.0
M00661_P00064,1.0
M00661_P00066,1.0
M00661_P00071,6.407131
M00661_P00077,6.163338
M00661_P00991,6.3684916
M00661_P00993,1.0
M00661_P00997,6.139238
M00661_P01000,1.0
M00661_P01010,6.171339
M00662_P00055,6.0632143
M00662_P00057,6.2098904
M00662_P00059,1.0
M00662_P00064,6.0926
M00662_P00066,1.0
M00662_P00071,6.671496
M00662_P00077,6.162423
M00662_P00391,1.0
M00662_P00399,6.171492
M00662_P00410,6.307899
M00662_P00416,1.0
M00663_P00368,6.313674
M00663_P00372,1.0
M00663_P00378,5.996663
M00663_P00382,1.0
M00663_P00383,1.0
M00663_P00922,6.326928
M00663_P00927,1.0
M00663_P00931,5.8294964
M00663_P00935,1.0
M00664_P00209,6.1010604
M00664_P00210,1.0
M00664_P00211,1.0
M00664_P00219,1.0
M00664_P00221,1.0
M00664_P00222,1.0
M00664_P00232,1.0
M00664_P00234,6.735158
M00664_P00863,1.0
M00664_P00880,1.0
M00664_P00882,1.0
M00665_P00940,1.0
M00665_P00948,1.0
M00665_P00950,6.189485
M00665_P00951,6.2294354
M00665_P00959,1.0
M00665_P00962,1.0
M00665_P01201,5.9614296
M00665_P01209,5.8821187
M00665_P01210,5.8274593
M00665_P01211,7.353111
M00665_P01214,1.0
M00666_P00391,1.0
M00666_P00399,6.6398153
M00666_P00410,1.0
M00666_P00416,1.0
M00666_P00529,1.0
M00666_P00535,5.8500485
M00666_P00536,1.0
M00666_P00542,5.995314
M00666_P00543,6.2588553
M00667_P00515,6.000729
M00667_P00678,1.0
M00667_P00679,6.35054
M00667_P00680,1.0
M00667_P00681,6.1382136
M00667_P00683,1.0
M00667_P00694,1.0
M00668_P00922,6.5422864
M00668_P00927,1.0
M00668_P00931,5.8602743
M00668_P00935,6.0107
M00668_P00991,1.0
M00668_P00993,5.950337
M00668_P00997,1.0
M00668_P01000,6.5174055
M00668_P01010,1.0
M00669_P01041,1.0
M00669_P01042,6.6516337
M00669_P01048,1.0
M00669_P01049,7.0002728
M00669_P01051,6.6798563
M00669_P01055,6.040556
M00669_P01063,6.073408
M00669_P01064,6.0761285
M00669_P01146,1.0
M00669_P01157,5.851289
M00669_P01166,6.2182107
M00669_P01169,1.0
M00670_P00079,6.134537
M00670_P00082,1.0
M00670_P00087,6.0647783
M00670_P00097,1.0
M00670_P00102,6.147848
M00670_P00611,1.0
M00670_P00618,6.1212306
M00670_P00619,5.94751
M00670_P00622,6.046827
M00671_P00529,1.0
M00671_P00535,1.0
M00671_P00536,6.058824
M00671_P00542,1.0
M00671_P00543,6.621353
M00671_P00863,5.9629526
M00671_P00880,6.5335917
M00671_P00882,6.7754126
M00672_P00241,5.8957458
M00672_P00244,6.0579815
M00672_P00245,6.2656317
M00672_P00248,6.706379
M00672_P00255,1.0
M00672_P00260,7.194582
M00672_P00678,1.0
M00672_P00679,1.0
M00672_P00680,6.021394
M00672_P00681,5.887068
M00672_P00683,6.4681983
M00672_P00694,6.0284324
M00673_P00287,6.415198
M00673_P00290,1.0
M00673_P00291,1.0
M00673_P00295,1.0
M00673_P00297,1.0
M00673_P00298,1.0
M00673_P00299,6.0207057
M00673_P00304,5.8704333
M00673_P00307,7.1949444
M00673_P00309,1.0
M00673_P00310,6.556324
M00673_P00922,6.239518
M00673_P00927,1.0
M00673_P00931,6.196168
M00673_P00935,6.7367167
M00674_P00368,1.0
M00674_P00372,6.1936817
M00674_P00378,5.9229035
M00674_P00382,1.0
M00674_P00383,5.9049473
M00674_P00529,5.898343
M00674_P00535,6.354284
M00674_P00536,5.975198
M00674_P00542,1.0
M00674_P00543,6.549991
M00675_P00079,6.1070523
M00675_P00082,6.334182
M00675_P00087,6.0452843
M00675_P00097,1.0
M00675_P00102,6.478105
M00675_P00761,1.0
M00675_P00772,1.0
M00676_P00678,1.0
M00676_P00679,6.3400087
M00676_P00680,6.0287857
M00676_P00681,1.0
M00676_P00683,6.3807487
M00676_P00694,1.0
M00676_P00940,1.0
M00676_P00948,6.4727764
M00676_P00950,6.256277
M00676_P00951,6.5712357
M00676_P00959,6.1960907
M00676_P00962,6.4901314
M00677_P00391,1.0
M00677_P00399,1.0
M00677_P00410,6.761096
M00677_P00416,6.4741244
M00677_P00625,1.0
M00677_P00630,5.8902874
M00677_P00632,6.339174
M00677_P00635,6.4848957
M00677_P00644,6.3238645
M00677_P00645,6.830961
M00677_P00650,6.008016
M00678_P00549,1.0
M00678_P00552,1.0
M00678_P00554,6.317227
M00678_P00561,6.5099053
M00678_P00562,1.0
M00678_P00568,6.1112
M00678_P01099,1.0
M00678_P01107,5.7989597
M00678_P01108,6.2228103
M00678_P01109,6.4187717
M00678_P01114,1.0
M00678_P01118,7.0110717
M00679_P00136,6.5314045
M00679_P00141,1.0
M00679_P00148,6.005161
M00679_P00156,1.0
M00679_P00611,1.0
M00679_P00618,6.792616
M00679_P00619,6.1685705
M00679_P00622,6.1952333
M00680_P00079,6.332802
M00680_P00082,6.341643
M00680_P00087,5.9035344
M00680_P00097,1.0
M00680_P00102,5.6196566
M00680_P00478,5.8573294
M00680_P00479,6.4532485
M00680_P00486,5.9925027
M00680_P00491,5.970207
M00681_P00108,6.0599957
M00681_P00110,6.0266366
M00681_P00114,1.0
M00681_P00124,6.581597
M00681_P00129,6.1433296
M00681_P00345,1.0
M00681_P00347,6.404697
M00681_P00351,6.5807896
M00681_P00353,1.0
M00681_P00359,6.5656676
M00681_P00362,5.982315
M00682_P00345,6.0894694
M00682_P00347,6.2041345
M00682_P00351,6.5464377
M00682_P00353,6.030467
M00682_P00359,1.0
M00682_P00362,1.0
M00682_P00782,1.0
M00682_P00786,1.0
M00682_P00788,6.289333
M00682_P00797,6.376082
M00682_P00803,1.0
M00683_P00011,5.956999
M00683_P00024,1.0
M00683_P00368,6.1250896
M00683_P00372,6.6000776
M00683_P00378,1.0
M00683_P00382,5.9141293
M00683_P00383,5.8465204
M00684_P00782,1.0
M00684_P00786,5.7864566
M00684_P00788,1.0
M00684_P00797,1.0
M00684_P00803,1.0
M00684_P01223,6.036236
M00684_P01234,1.0
M00684_P01236,5.710067
M00684_P01241,1.0
M00684_P01242,5.865945
M00685_P00391,1.0
M00685_P00399,6.702717
M00685_P00410,6.3993998
M00685_P00416,6.435467
M00685_P00655,6.131459
M00685_P00662,1.0
M00685_P00666,1.0
M00685_P00668,1.0
M00685_P00669,1.0
M00685_P00673,1.0
M00685_P00674,6.029632
M00686_P00478,5.887033
M00686_P00479,1.0
M00686_P00486,6.648014
M00686_P00491,6.149229
M00686_P00655,6.1325374
M00686_P00662,6.359762
M00686_P00666,6.374753
M00686_P00668,5.9798636
M00686_P00669,6.2584743
M00686_P00673,6.7653265
M00686_P00674,1.0
M00687_P00423,6.7507043
M00687_P00424,1.0
M00687_P00425,6.5793476
M00687_P00426,1.0
M00687_P00431,1.0
M00687_P00436,6.9250736
M00687_P00440,1.0
M00687_P00515,1.0
M00688_P00157,1.0
M00688_P00159,6.0817595
M00688_P00164,6.0605536
M00688_P00169,6.3196654
M00688_P00171,6.155765
M00688_P00175,1.0
M00688_P00761,6.207706
M00688_P00772,1.0
M00689_P00345,5.7889857
M00689_P00347,5.813117
M00689_P00351,6.302427
M00689_P00353,1.0
M00689_P00359,1.0
M00689_P00362,5.9645643
M00689_P00529,5.951244
M00689_P00535,5.9159822
M00689_P00536,1.0
M00689_P00542,6.067019
M00689_P00543,6.0792937
M00690_P00055,6.168784
M00690_P00057,1.0
M00690_P00059,6.493282
M00690_P00064,6.190269
M00690_P00066,7.5807433
M00690_P00071,1.0
M00690_P00077,1.0
M00690_P00678,1.0
M00690_P00679,6.307687
M00690_P00680,5.9749274
M00690_P00681,1.0
M00690_P00683,6.0855117
M00690_P00694,6.3718452
M00691_P00241,5.951118
M00691_P00244,6.064768
M00691_P00245,6.535268
M00691_P00248,1.0
M00691_P00255,7.0959573
M00691_P00260,6.632962
M00691_P01223,1.0
M00691_P01234,6.9149003
M00691_P01236,1.0
M00691_P01241,6.3161163
M00691_P01242,1.0
M00692_P00922,1.0
M00692_P00927,6.0624743
M00692_P00931,5.831938
M00692_P00935,1.0
M00692_P00991,1.0
M00692_P00993,5.850428
M00692_P00997,5.8288803
M00692_P01000,1.0
M00692_P01010,6.394447
M00693_P00241,5.8986435
M00693_P00244,5.835892
M00693_P00245,6.465026
M00693_P00248,1.0
M00693_P00255,7.3697863
M00693_P00260,1.0
M00693_P00478,6.0219502
M00693_P00479,1.0
M00693_P00486,6.3863497
M00693_P00491,1.0
M00694_P00368,1.0
M00694_P00372,1.0
M00694_P00378,5.9853964
M00694_P00382,1.0
M00694_P00383,5.9815245
M00694_P00655,6.6489496
M00694_P00662,1.0
M00694_P00666,6.4307466
M00694_P00668,5.823833
M00694_P00669,1.0
M00694_P00673,6.190859
M00694_P00674,5.9871173
M00695_P00807,1.0
M00695_P00812,1.0
M00695_P00819,1.0
M00695_P00826,6.5802107
M00695_P00827,6.696476
M00695_P00940,5.80676
M00695_P00948,7.0207253
M00695_P00950,6.331521
M00695_P00951,5.8102727
M00695_P00959,1.0
M00695_P00962,1.0
M00696_P00423,6.5906296
M00696_P00424,1.0
M00696_P00425,6.4698057
M00696_P00426,6.021569
M00696_P00431,5.9436545
M00696_P00436,6.1943197
M00696_P00440,5.967078
M00696_P00835,1.0
M00696_P00840,1.0
M00696_P00844,5.871011
M00696_P00847,1.0
M00696_P00848,1.0
M00696_P00856,6.0501356
M00697_P00266,6.1567893
M00697_P00271,1.0
M00697_P00278,6.217913
M00697_P00286,6.431875
M00697_P00761,6.4143043
M00697_P00772,5.839747
M00698_P00209,1.0
M00698_P00210,6.321587
M00698_P00211,1.0
M00698_P00219,1.0
M00698_P00221,6.3188357
M00698_P00222,1.0
M00698_P00232,1.0
M00698_P00234,7.022557
M00698_P00266,1.0
M00698_P00271,1.0
M00698_P00278,1.0
M00698_P00286,1.0
M00699_P00287,5.9017487
M00699_P00290,5.8344836
M00699_P00291,1.0
M00699_P00295,1.0
M00699_P00297,6.0697117
M00699_P00298,6.139392
M00699_P00299,5.533074
M00699_P00304,1.0
M00699_P00307,6.842596
M00699_P00309,6.428869
M00699_P00310,5.971581
M00699_P00922,1.0
M00699_P00927,1.0
M00699_P00931,6.345922
M00699_P00935,6.593625
M00700_P00055,6.0756116
M00700_P00057,1.0
M00700_P00059,6.137503
M00700_P00064,5.9594593
M00700_P00066,7.1940975
M00700_P00071,1.0
M00700_P00077,6.600893
M00700_P00863,5.8718367
M00700_P00880,1.0
M00700_P00882,6.3015413
M00701_P00011,6.1259804
M00701_P00024,6.2156115
M00701_P00705,1.0
M00701_P00707,6.152001
M00701_P00716,1.0
M00701_P00718,6.9893703
M00701_P00724,5.9242563
M00701_P00728,1.0
M00702_P00108,5.8762937
M00702_P00110,5.838661
M00702_P00114,7.1259174
M00702_P00124,6.0288134
M00702_P00129,5.9216385
M00702_P01201,1.0
M00702_P01209,1.0
M00702_P01210,1.0
M00702_P01211,1.0
M00702_P01214,6.0933256
M00703_P00345,1.0
M00703_P00347,6.263035
M00703_P00351,6.671016
M00703_P00353,6.173391
M00703_P00359,1.0
M00703_P00362,1.0
M00703_P00863,5.9959717
M00703_P00880,5.8966465
M00703_P00882,1.0
M00704_P00079,6.2809253
M00704_P00082,1.0
M00704_P00087,6.196263
M00704_P00097,6.5432243
M00704_P00102,1.0
M00704_P01041,1.0
M00704_P01042,1.0
M00704_P01048,1.0
M00704_P01049,6.94414
M00704_P01051,6.1772017
M00704_P01055,5.7572837
M00704_P01063,5.905861
M00704_P01064,6.104586
M00705_P00807,1.0
M00705_P00812,7.274412
M00705_P00819,1.0
M00705_P00826,6.5869756
M00705_P00827,7.233569
M00705_P01099,1.0
M00705_P01107,5.9702506
M00705_P01108,6.985871
M00705_P01109,5.8278003
M00705_P01114,6.2047014
M00705_P01118,1.0
M00706_P00888,6.143843
M00706_P00889,6.0805
M00706_P00893,5.9284606
M00706_P00894,6.526592
M00706_P00895,1.0
M00706_P00901,1.0
M00706_P00909,1.0
M00706_P00940,1.0
M00706_P00948,6.192388
M00706_P00950,6.3376737
M00706_P00951,5.9613
M00706_P00959,5.8597574
M00706_P00962,1.0
M00707_P00032,1.0
M00707_P00044,6.54559
M00707_P00045,5.798105
M00707_P00050,5.880419
M00707_P00052,1.0
M00707_P00888,1.0
M00707_P00889,1.0
M00707_P00893,6.189205
M00707_P00894,1.0
M00707_P00895,6.5557485
M00707_P00901,1.0
M00707_P00909,6.800793
M00708_P00478,1.0
M00708_P00479,6.458952
M00708_P00486,6.48249
M00708_P00491,6.2228713
M00708_P00888,1.0
M00708_P00889,5.884593
M00708_P00893,5.9738774
M00708_P00894,6.354456
M00708_P00895,1.0
M00708_P00901,1.0
M00708_P00909,6.999792
M00709_P00157,6.033691
M00709_P00159,1.0
M00709_P00164,5.98869
M00709_P00169,1.0
M00709_P00171,6.1878695
M00709_P00175,6.2373414
M00709_P00287,6.6108804
M00709_P00290,1.0
M00709_P00291,1.0
M00709_P00295,7.24641
M00709_P00297,5.8982773
M00709_P00298,6.2457886
M00709_P00299,6.19495
M00709_P00304,6.093239
M00709_P00307,6.3665705
M00709_P00309,6.806755
M00709_P00310,1.0
M00710_P00313,1.0
M00710_P00324,6.1919866
M00710_P00329,6.363273
M00710_P00333,6.007973
M00710_P00334,1.0
M00710_P00391,6.149144
M00710_P00399,6.3789077
M00710_P00410,6.5073624
M00710_P00416,6.267263
M00711_P00443,5.988136
M00711_P00448,6.0294986
M00711_P00452,6.123345
M00711_P00462,1.0
M00711_P00463,6.113969
M00711_P00465,6.176495
M00711_P00468,1.0
M00711_P00574,1.0
M00711_P00579,1.0
M00711_P00582,6.20574
M00711_P00584,1.0
M00711_P00586,1.0
M00711_P00590,1.0
M00712_P00136,1.0
M00712_P00141,6.5151706
M00712_P00148,1.0
M00712_P00156,6.183483
M00712_P00625,1.0
M00712_P00630,5.9041767
M00712_P00632,1.0
M00712_P00635,6.951167
M00712_P00644,1.0
M00712_P00645,6.980715
M00712_P00650,6.354444
M00713_P00391,5.8949466
M00713_P00399,1.0
M00713_P00410,6.217085
M00713_P00416,6.057893
M00713_P00940,6.025466
M00713_P00948,6.506578
M00713_P00950,6.2037606
M00713_P00951,6.221317
M00713_P00959,1.0
M00713_P00962,1.0
M00714_P00515,6.3170066
M00714_P01146,6.112862
M00714_P01157,1.0
M00714_P01166,1.0
M00714_P01169,1.0
M00715_P00136,1.0
M00715_P00141,1.0
M00715_P00148,5.8932714
M00715_P00156,6.9989552
M00715_P00678,6.2392325
M00715_P00679,1.0
M00715_P00680,6.0518656
M00715_P00681,1.0
M00715_P00683,1.0
M00715_P00694,6.521251
M00716_P00782,6.4834013
M00716_P00786,1.0
M00716_P00788,1.0
M00716_P00797,6.3554215
M00716_P00803,1.0
M00716_P00922,1.0
M00716_P00927,6.1294036
M00716_P00931,1.0
M00716_P00935,6.361876
M00717_P00266,6.410806
M00717_P00271,1.0
M00717_P00278,6.916919
M00717_P00286,6.3858914
M00717_P01146,1.0
M00717_P01157,6.0594563
M00717_P01166,6.383054
M00717_P01169,6.0257807
M00718_P00705,5.969439
M00718_P00707,6.3396134
M00718_P00716,1.0
M00718_P00718,6.242071
M00718_P00724,5.946994
M00718_P00728,1.0
M00718_P01099,1.0
M00718_P01107,6.2233305
M00718_P01108,1.0
M00718_P01109,6.5547757
M00718_P01114,6.4134407
M00718_P01118,5.8695955
M00719_P00157,6.3459277
M00719_P00159,1.0
M00719_P00164,1.0
M00719_P00169,1.0
M00719_P00171,6.411459
M00719_P00175,1.0
M00719_P00940,5.9815207
M00719_P00948,5.9951015
M00719_P00950,6.4141374
M00719_P00951,1.0
M00719_P00959,1.0
M00719_P00962,6.5503874
M00720_P00345,5.975306
M00720_P00347,1.0
M00720_P00351,6.1679573
M00720_P00353,6.3611555
M00720_P00359,1.0
M00720_P00362,6.0020804
M00720_P00368,1.0
M00720_P00372,1.0
M00720_P00378,1.0
M00720_P00382,5.882057
M00720_P00383,6.149166
M00721_P00055,1.0
M00721_P00057,6.0961905
M00721_P00059,6.039829
M00721_P00064,6.162619
M00721_P00066,1.0
M00721_P00071,6.104061
M00721_P00077,6.6546345
M00721_P00443,6.471267
M00721_P00448,6.19594
M00721_P00452,1.0
M00721_P00462,6.8314443
M00721_P00463,6.269479
M00721_P00465,1.0
M00721_P00468,6.1151505
M00722_P00888,1.0
M00722_P00889,6.083496
M00722_P00893,1.0
M00722_P00894,6.046091
M00722_P00895,6.469763
M00722_P00901,7.5900598
M00722_P00909,1.0
M00722_P00965,5.952856
M00722_P00966,6.0856314
M00722_P00975,6.3713903
M00722_P00978,6.9871073
M00722_P00980,6.5401993
M00722_P00986,7.2244987
M00723_P00287,6.334013
M00723_P00290,5.4607553
M00723_P00291,1.0
M00723_P00295,1.0
M00723_P00297,1.0
M00723_P00298,1.0
M00723_P00299,1.0
M00723_P00304,5.9242253
M00723_P00307,1.0
M00723_P00309,5.996297
M00723_P00310,1.0
M00723_P00549,6.151678
M00723_P00552,5.9404297
M00723_P00554,6.1668158
M00723_P00561,6.679054
M00723_P00562,5.85682
M00723_P00568,1.0
M00724_P00241,6.276536
M00724_P00244,1.0
M00724_P00245,1.0
M00724_P00248,6.1398773
M00724_P00255,1.0
M00724_P00260,1.0
M00724_P00965,1.0
M00724_P00966,1.0
M00724_P00975,6.9763465
M00724_P00978,1.0
M00724_P00980,6.2467012
M00724_P00986,6.401868
M00725_P00108,1.0
M00725_P00110,1.0
M00725_P00114,6.882856
M00725_P00124,5.989922
M00725_P00129,5.9865103
M00725_P00529,6.1726766
M00725_P00535,6.008548
M00725_P00536,5.971034
M00725_P00542,5.88702
M00725_P00543,1.0
M00726_P00625,1.0
M00726_P00630,1.0
M00726_P00632,6.310602
M00726_P00635,6.035837
M00726_P00644,6.4160395
M00726_P00645,6.5818043
M00726_P00650,1.0
M00726_P00940,1.0
M00726_P00948,6.1569004
M00726_P00950,6.225047
M00726_P00951,1.0
M00726_P00959,1.0
M00726_P00962,6.902035
M00727_P00209,1.0
M00727_P00210,1.0
M00727_P00211,6.352664
M00727_P00219,1.0
M00727_P00221,6.7022614
M00727_P00222,1.0
M00727_P00232,5.9628625
M00727_P00234,6.6459637
M00727_P00625,1.0
M00727_P00630,1.0
M00727_P00632,6.1317635
M00727_P00635,1.0
M00727_P00644,6.514381
M00727_P00645,6.3717847
M00727_P00650,1.0
M00728_P00574,1.0
M00728_P00579,1.0
M00728_P00582,6.4789004
M00728_P00584,6.1401896
M00728_P00586,6.0113
M00728_P00590,1.0
M00728_P00835,1.0
M00728_P00840,6.0933943
M00728_P00844,1.0
M00728_P00847,1.0
M00728_P00848,1.0
M00728_P00856,6.384277
M00729_P00368,6.557434
M00729_P00372,6.6067467
M00729_P00378,5.7711873
M00729_P00382,1.0
M00729_P00383,5.7960525
M00729_P00705,1.0
M00729_P00707,6.4800525
M00729_P00716,6.063327
M00729_P00718,6.8021965
M00729_P00724,6.02929
M00729_P00728,1.0
M00730_P00991,1.0
M00730_P00993,5.952482
M00730_P00997,5.9576473
M00730_P01000,1.0
M00730_P01010,6.2318754
M00730_P01041,1.0
M00730_P01042,6.6509023
M00730_P01048,6.033583
M00730_P01049,1.0
M00730_P01051,6.0202928
M00730_P01055,1.0
M00730_P01063,5.8003507
M00730_P01064,1.0
M00731_P00032,1.0
M00731_P00044,1.0
M00731_P00045,6.3581886
M00731_P00050,6.017012
M00731_P00052,1.0
M00731_P00529,5.9476466
M00731_P00535,1.0
M00731_P00536,1.0
M00731_P00542,1.0
M00731_P00543,6.44009
M00732_P00732,5.9458017
M00732_P00738,5.954353
M00732_P00742,6.367695
M00732_P00744,1.0
M00732_P00747,6.9143248
M00732_P00753,1.0
M00732_P00835,1.0
M00732_P00840,1.0
M00732_P00844,1.0
M00732_P00847,6.101007
M00732_P00848,6.163115
M00732_P00856,6.571605
M00733_P00625,1.0
M00733_P00630,6.1837044
M00733_P00632,1.0
M00733_P00635,1.0
M00733_P00644,1.0
M00733_P00645,6.4589357
M00733_P00650,6.191126
M00733_P00922,1.0
M00733_P00927,1.0
M00733_P00931,1.0
M00733_P00935,6.828608
M00734_P00965,1.0
M00734_P00966,1.0
M00734_P00975,6.761323
M00734_P00978,6.6571326
M00734_P00980,1.0
M00734_P00986,6.322552
M00734_P01120,6.2279
M00735_P00136,7.1243725
M00735_P00141,6.88094
M00735_P00148,6.08921
M00735_P00156,1.0
M00735_P01041,1.0
M00735_P01042,1.0
M00735_P01048,1.0
M00735_P01049,1.0
M00735_P01051,6.6045876
M00735_P01055,1.0
M00735_P01063,5.706555
M00735_P01064,1.0
M00736_P00108,1.0
M00736_P00110,6.1993213
M00736_P00114,7.259253
M00736_P00124,6.313338
M00736_P00129,1.0
M00736_P01177,6.674872
M00736_P01182,5.849027
M00736_P01184,1.0
M00736_P01193,6.2908163
M00736_P01196,6.563255
M00737_P00241,1.0
M00737_P00244,6.0193496
M00737_P00245,6.40077
M00737_P00248,6.4480886
M00737_P00255,6.6105757
M00737_P00260,1.0
M00737_P00655,6.074258
M00737_P00662,1.0
M00737_P00666,6.1402173
M00737_P00668,5.868698
M00737_P00669,1.0
M00737_P00673,6.1418495
M00737_P00674,5.977749
M00738_P00625,1.0
M00738_P00630,6.047536
M00738_P00632,6.453459
M00738_P00635,6.5397115
M00738_P00644,6.2583556
M00738_P00645,6.784117
M00738_P00650,1.0
M00738_P01223,1.0
M00738_P01234,6.374672
M00738_P01236,5.6835074
M00738_P01241,1.0
M00738_P01242,5.7473087
M00739_P00136,6.5601277
M00739_P00141,7.2035084
M00739_P00148,5.8485456
M00739_P00156,1.0
M00739_P00157,1.0
M00739_P00159,1.0
M00739_P00164,1.0
M00739_P00169,5.9893284
M00739_P00171,6.260229
M00739_P00175,1.0
M00740_P00611,1.0
M00740_P00618,1.0
M00740_P00619,6.007661
M00740_P00622,1.0
M00740_P00732,6.173194
M00740_P00738,5.6975927
M00740_P00742,5.9926085
M00740_P00744,1.0
M00740_P00747,1.0
M00740_P00753,1.0
M00741_P00157,1.0
M00741_P00159,1.0
M00741_P00164,6.450099
M00741_P00169,1.0
M00741_P00171,6.149566
M00741_P00175,6.23156
M00741_P00241,6.135232
M00741_P00244,6.032813
M00741_P00245,6.854774
M00741_P00248,1.0
M00741_P00255,7.6340904
M00741_P00260,1.0
M00742_P00705,6.290152
M00742_P00707,6.4314947
M00742_P00716,6.3661046
M00742_P00718,1.0
M00742_P00724,1.0
M00742_P00728,1.0
M00742_P00761,6.0699983
M00742_P00772,5.99221
M00743_P00032,1.0
M00743_P00044,1.0
M00743_P00045,5.8959994
M00743_P00050,5.852741
M00743_P00052,6.0177016
M00743_P00157,1.0
M00743_P00159,1.0
M00743_P00164,1.0
M00743_P00169,1.0
M00743_P00171,1.0
M00743_P00175,1.0
M00744_P00136,1.0
M00744_P00141,1.0
M00744_P00148,1.0
M00744_P00156,1.0
M00744_P00922,1.0
M00744_P00927,5.957878
M00744_P00931,5.8888903
M00744_P00935,6.6319256
M00745_P00011,6.102908
M00745_P00024,1.0
M00745_P00625,6.2481623
M00745_P00630,6.1043196
M00745_P00632,6.3520503
M00745_P00635,1.0
M00745_P00644,1.0
M00745_P00645,6.76516
M00745_P00650,6.3964024
M00746_P00136,1.0
M00746_P00141,6.709682
M00746_P00148,6.1979256
M00746_P00156,6.431729
M00746_P00625,1.0
M00746_P00630,5.9392633
M00746_P00632,6.431399
M00746_P00635,6.126615
M00746_P00644,1.0
M00746_P00645,6.69348
M00746_P00650,6.2539153
M00747_P00863,6.0628786
M00747_P00880,6.25444
M00747_P00882,1.0
M00747_P00940,6.371084
M00747_P00948,6.1689067
M00747_P00950,1.0
M00747_P00951,1.0
M00747_P00959,1.0
M00747_P00962,6.7274594
M00748_P00209,1.0
M00748_P00210,6.1810064
M00748_P00211,1.0
M00748_P00219,6.0930834
M00748_P00221,1.0
M00748_P00222,1.0
M00748_P00232,6.508388
M00748_P00234,7.52562
M00748_P00266,6.4243064
M00748_P00271,6.4107246
M00748_P00278,6.933746
M00748_P00286,6.788788
M00749_P00443,1.0
M00749_P00448,1.0
M00749_P00452,1.0
M00749_P00462,1.0
M00749_P00463,1.0
M00749_P00465,1.0
M00749_P00468,6.5773835
M00749_P00835,1.0
M00749_P00840,5.8322506
M00749_P00844,1.0
M00749_P00847,6.1243653
M00749_P00848,1.0
M00749_P00856,6.4816027
M00750_P00266,6.5344033
M00750_P00271,6.037382
M00750_P00278,6.444515
M00750_P00286,1.0
M00750_P00732,1.0
M00750_P00738,6.233534
M00750_P00742,6.367984
M00750_P00744,5.9249096
M00750_P00747,7.420933
M00750_P00753,1.0
M00751_P00515,6.1923027
M00751_P00807,1.0
M00751_P00812,6.945585
M00751_P00819,6.703557
M00751_P00826,7.0143523
M00751_P00827,6.482424
M00752_P00423,1.0
M00752_P00424,5.883643
M00752_P00425,6.191721
M00752_P00426,1.0
M00752_P00431,6.0079055
M00752_P00436,1.0
M00752_P00440,1.0
M00752_P00611,1.0
M00752_P00618,6.422006
M00752_P00619,6.670833
M00752_P00622,5.967607
M00753_P00991,1.0
M00753_P00993,6.025037
M00753_P00997,1.0
M00753_P01000,6.0681148
M00753_P01010,6.4823027
M00753_P01041,1.0
M00753_P01042,6.68443
M00753_P01048,1.0
M00753_P01049,6.5265975
M00753_P01051,6.4865255
M00753_P01055,6.327053
M00753_P01063,1.0
M00753_P01064,5.6814127
M00754_P00157,6.0988383
M00754_P00159,1.0
M00754_P00164,1.0
M00754_P00169,1.0
M00754_P00171,6.3805604
M00754_P00175,6.6655035
M00754_P00241,6.0940475
M00754_P00244,1.0
M00754_P00245,6.3535924
M00754_P00248,6.3254714
M00754_P00255,6.8173113
M00754_P00260,6.8521214
M00755_P00549,1.0
M00755_P00552,5.9993553
M00755_P00554,6.275857
M00755_P00561,1.0
M00755_P00562,5.931716
M00755_P00568,6.0304914
M00755_P00655,6.70714
M00755_P00662,6.662429
M00755_P00666,6.489836
M00755_P00668,5.8274302
M00755_P00669,6.4661436
M00755_P00673,7.3510733
M00755_P00674,1.0
M00756_P00549,1.0
M00756_P00552,1.0
M00756_P00554,1.0
M00756_P00561,6.9571056
M00756_P00562,5.707273
M00756_P00568,1.0
M00756_P00761,6.249867
M00756_P00772,6.0287514
M00757_P00991,1.0
M00757_P00993,1.0
M00757_P00997,1.0
M00757_P01000,1.0
M00757_P01010,6.1620903
M00757_P01070,1.0
M00757_P01074,1.0
M00757_P01082,1.0
M00758_P00529,6.1729946
M00758_P00535,1.0
M00758_P00536,6.091571
M00758_P00542,1.0
M00758_P00543,1.0
M00758_P01020,1.0
M00758_P01034,5.712769
M00758_P01037,1.0
M00758_P01038,6.0528145
M00759_P00529,5.9967384
M00759_P00535,6.044552
M00759_P00536,6.174833
M00759_P00542,1.0
M00759_P00543,1.0
M00759_P00782,1.0
M00759_P00786,1.0
M00759_P00788,6.203254
M00759_P00797,1.0
M00759_P00803,1.0
M00760_P00478,1.0
M00760_P00479,6.1862154
M00760_P00486,6.4657216
M00760_P00491,5.9373317
M00760_P00529,1.0
M00760_P00535,5.744238
M00760_P00536,6.132137
M00760_P00542,6.054628
M00760_P00543,6.140773
M00761_P00391,1.0
M00761_P00399,6.112514
M00761_P00410,1.0
M00761_P00416,1.0
M00761_P00940,6.434602
M00761_P00948,1.0
M00761_P00950,6.043542
M00761_P00951,1.0
M00761_P00959,6.075899
M00761_P00962,1.0
M00762_P00443,1.0
M00762_P00448,1.0
M00762_P00452,6.1271324
M00762_P00462,6.5103106
M00762_P00463,6.735453
M00762_P00465,6.248339
M00762_P00468,6.9984713
M00762_P00678,1.0
M00762_P00679,6.3162684
M00762_P00680,6.1500335
M00762_P00681,6.0181994
M00762_P00683,1.0
M00762_P00694,1.0
M00763_P00313,1.0
M00763_P00324,6.148995
M00763_P00329,5.778519
M00763_P00333,1.0
M00763_P00334,1.0
M00763_P00940,1.0
M00763_P00948,1.0
M00763_P00950,6.0505934
M00763_P00951,1.0
M00763_P00959,5.9836106
M00763_P00962,6.346723
M00764_P00922,1.0
M00764_P00927,6.0559154
M00764_P00931,6.099497
M00764_P00935,6.520267
M00764_P01120,6.23002
M00765_P00345,6.052366
M00765_P00347,1.0
M00765_P00351,1.0
M00765_P00353,6.059813
M00765_P00359,6.0914783
M00765_P00362,1.0
M00765_P01177,6.1265287
M00765_P01182,6.043936
M00765_P01184,1.0
M00765_P01193,6.9531813
M00765_P01196,6.0967727
M00766_P00108,1.0
M00766_P00110,1.0
M00766_P00114,6.3726406
M00766_P00124,6.66945
M00766_P00129,6.0476127
M00766_P01146,6.3393865
M00766_P01157,6.1152606
M00766_P01166,6.63393
M00766_P01169,6.174069
M00767_P00807,1.0
M00767_P00812,7.134038
M00767_P00819,1.0
M00767_P00826,6.3177266
M00767_P00827,7.1599917
M00767_P01120,1.0
M00768_P00391,1.0
M00768_P00399,6.2553434
M00768_P00410,6.1531105
M00768_P00416,1.0
M00768_P00443,1.0
M00768_P00448,5.9916706
M00768_P00452,1.0
M00768_P00462,6.575659
M00768_P00463,6.074008
M00768_P00465,6.2348857
M00768_P00468,6.3234105
M00769_P00705,1.0
M00769_P00707,6.3906193
M00769_P00716,6.263272
M00769_P00718,1.0
M00769_P00724,6.0417147
M00769_P00728,6.7402263
M00769_P01177,1.0
M00769_P01182,5.8121023
M00769_P01184,6.2236896
M00769_P01193,6.0561686
M00769_P01196,6.3654203
M00770_P00108,1.0
M00770_P00110,6.1818447
M00770_P00114,1.0
M00770_P00124,1.0
M00770_P00129,6.117606
M00770_P00761,1.0
M00770_P00772,5.942975
M00771_P00655,1.0
M00771_P00662,1.0
M00771_P00666,6.5890326
M00771_P00668,6.563374
M00771_P00669,6.683553
M00771_P00673,6.4990344
M00771_P00674,6.1525717
M00771_P00965,1.0
M00771_P00966,6.0572634
M00771_P00975,6.62526
M00771_P00978,6.8127193
M00771_P00980,1.0
M00771_P00986,1.0
M00772_P00055,1.0
M00772_P00057,5.8511457
M00772_P00059,5.958782
M00772_P00064,1.0
M00772_P00066,1.0
M00772_P00071,6.090339
M00772_P00077,1.0
M00772_P00888,1.0
M00772_P00889,1.0
M00772_P00893,5.8256655
M00772_P00894,6.3147097
M00772_P00895,6.1744876
M00772_P00901,6.793233
M00772_P00909,6.0951767
M00773_P00888,5.987063
M00773_P00889,6.099952
M00773_P00893,5.9033294
M00773_P00894,6.0598607
M00773_P00895,6.202537
M00773_P00901,1.0
M00773_P00909,6.2627807
M00773_P01146,1.0
M00773_P01157,6.26475
M00773_P01166,1.0
M00773_P01169,1.0
M00774_P00157,1.0
M00774_P00159,6.138686
M00774_P00164,1.0
M00774_P00169,6.127963
M00774_P00171,1.0
M00774_P00175,6.480477
M00774_P00423,6.5167947
M00774_P00424,6.111256
M00774_P00425,1.0
M00774_P00426,1.0
M00774_P00431,6.1564045
M00774_P00436,6.057576
M00774_P00440,5.9836035
M00775_P00266,1.0
M00775_P00271,6.3484173
M00775_P00278,7.1490693
M00775_P00286,1.0
M00775_P01099,6.055246
M00775_P01107,1.0
M00775_P01108,6.5925922
M00775_P01109,5.7585206
M00775_P01114,6.188839
M00775_P01118,6.383828
M00776_P00940,5.938394
M00776_P00948,5.7843647
M00776_P00950,6.7369366
M00776_P00951,6.284272
M00776_P00959,1.0
M00776_P00962,6.683628
M00776_P01099,1.0
M00776_P01107,5.7705545
M00776_P01108,1.0
M00776_P01109,1.0
M00776_P01114,1.0
M00776_P01118,6.637067
M00777_P00549,6.0647154
M00777_P00552,6.0525737
M00777_P00554,1.0
M00777_P00561,1.0
M00777_P00562,6.159247
M00777_P00568,6.4478583
M00777_P00732,5.860344
M00777_P00738,1.0
M00777_P00742,1.0
M00777_P00744,5.8322043
M00777_P00747,6.7775517
M00777_P00753,6.0900087
M00778_P00157,1.0
M00778_P00159,6.2513733
M00778_P00164,6.245525
M00778_P00169,1.0
M00778_P00171,1.0
M00778_P00175,6.3064203
M00778_P00443,6.0295343
M00778_P00448,6.013832
M00778_P00452,1.0
M00778_P00462,1.0
M00778_P00463,6.795277
M00778_P00465,1.0
M00778_P00468,6.3915796
M00779_P00611,6.1024327
M00779_P00618,1.0
M00779_P00619,6.210829
M00779_P00622,6.2822237
M00779_P00732,5.9979773
M00779_P00738,6.0365567
M00779_P00742,1.0
M00779_P00744,1.0
M00779_P00747,7.6310415
M00779_P00753,6.4121275
M00780_P00965,6.0011044
M00780_P00966,1.0
M00780_P00975,6.721328
M00780_P00978,1.0
M00780_P00980,1.0
M00780_P00986,6.60189
M00780_P01120,1.0
M00781_P00032,6.5194054
M00781_P00044,1.0
M00781_P00045,5.8911943
M00781_P00050,5.864607
M00781_P00052,6.3090534
M00781_P00574,1.0
M00781_P00579,1.0
M00781_P00582,6.5407786
M00781_P00584,6.2884192
M00781_P00586,1.0
M00781_P00590,7.110655
M00782_P00478,1.0
M00782_P00479,6.3764734
M00782_P00486,1.0
M00782_P00491,1.0
M00782_P00705,1.0
M00782_P00707,1.0
M00782_P00716,6.6515985
M00782_P00718,6.748029
M00782_P00724,1.0
M00782_P00728,1.0
M00783_P00241,1.0
M00783_P00244,5.8920283
M00783_P00245,6.2175813
M00783_P00248,1.0
M00783_P00255,7.3158827
M00783_P00260,6.492729
M00783_P01201,6.0692434
M00783_P01209,6.123309
M00783_P01210,1.0
M00783_P01211,7.043071
M00783_P01214,6.231491
M00784_P00549,1.0
M00784_P00552,5.8510695
M00784_P00554,1.0
M00784_P00561,7.276746
M00784_P00562,6.239021
M00784_P00568,5.916931
M00784_P00782,6.3510056
M00784_P00786,6.2324142
M00784_P00788,1.0
M00784_P00797,6.4590864
M00784_P00803,1.0
M00785_P00782,6.494565
M00785_P00786,6.0298886
M00785_P00788,6.4171567
M00785_P00797,6.379913
M00785_P00803,1.0
M00785_P00863,6.386754
M00785_P00880,6.6100106
M00785_P00882,1.0
M00786_P00157,1.0
M00786_P00159,6.0773735
M00786_P00164,1.0
M00786_P00169,5.9897842
M00786_P00171,6.7702627
M00786_P00175,1.0
M00786_P00761,6.563197
M00786_P00772,5.8200397
M00787_P00108,1.0
M00787_P00110,5.99223
M00787_P00114,1.0
M00787_P00124,1.0
M00787_P00129,1.0
M00787_P00529,5.8275065
M00787_P00535,6.002273
M00787_P00536,1.0
M00787_P00542,1.0
M00787_P00543,6.7283845
M00788_P00185,6.2112594
M00788_P00193,1.0
M00788_P00197,1.0
M00788_P00199,6.147407
M00788_P00200,5.9745126
M00788_P01177,1.0
M00788_P01182,1.0
M00788_P01184,1.0
M00788_P01193,6.4375253
M00788_P01196,6.3738523
M00789_P00157,1.0
M00789_P00159,5.6572795
M00789_P00164,1.0
M00789_P00169,1.0
M00789_P00171,6.6664867
M00789_P00175,1.0
M00789_P01070,6.0325665
M00789_P01074,6.5953307
M00789_P01082,1.0
M00790_P00391,1.0
M00790_P00399,6.4752
M00790_P00410,1.0
M00790_P00416,1.0
M00790_P01223,1.0
M00790_P01234,6.410781
M00790_P01236,1.0
M00790_P01241,1.0
M00790_P01242,5.9634566
M00791_P00266,1.0
M00791_P00271,1.0
M00791_P00278,6.6987953
M00791_P00286,1.0
M00791_P00922,6.051692
M00791_P00927,5.97956
M00791_P00931,5.9583454
M00791_P00935,6.182141
M00792_P00368,6.0138574
M00792_P00372,6.7153254
M00792_P00378,1.0
M00792_P00382,1.0
M00792_P00383,1.0
M00792_P00761,6.336492
M00792_P00772,5.8798842
M00793_P00287,1.0
M00793_P00290,1.0
M00793_P00291,5.891153
M00793_P00295,6.1250763
M00793_P00297,1.0
M00793_P00298,5.9299493
M00793_P00299,1.0
M00793_P00304,6.0298357
M00793_P00307,6.321295
M00793_P00309,1.0
M00793_P00310,6.2399554
M00793_P01070,6.029365
M00793_P01074,6.481908
M00793_P01082,1.0
M00794_P00032,6.9508686
M00794_P00044,6.923418
M00794_P00045,1.0
M00794_P00050,1.0
M00794_P00052,6.0697374
M00794_P00655,1.0
M00794_P00662,1.0
M00794_P00666,1.0
M00794_P00668,5.9322853
M00794_P00669,1.0
M00794_P00673,1.0
M00794_P00674,5.698883
M00795_P00732,6.311097
M00795_P00738,6.0085025
M00795_P00742,6.385971
M00795_P00744,6.1588182
M00795_P00747,1.0
M00795_P00753,6.1191535
M00795_P00991,1.0
M00795_P00993,5.8347073
M00795_P00997,1.0
M00795_P01000,6.1915026
M00795_P01010,6.1186533
M00796_P00011,6.014807
M00796_P00024,6.0175996
M00796_P01201,5.9487004
M00796_P01209,5.9311314
M00796_P01210,1.0
M00796_P01211,1.0
M00796_P01214,6.1192083
M00797_P00443,1.0
M00797_P00448,1.0
M00797_P00452,6.3956156
M00797_P00462,6.719413
M00797_P00463,6.589465
M00797_P00465,6.8676634
M00797_P00468,6.5427427
M00797_P01201,6.1568737
M00797_P01209,6.150765
M00797_P01210,5.825088
M00797_P01211,7.2674527
M00797_P01214,6.2800756
M00798_P00157,1.0
M00798_P00159,6.2683864
M00798_P00164,6.4118237
M00798_P00169,1.0
M00798_P00171,6.7498007
M00798_P00175,1.0
M00798_P00940,5.91581
M00798_P00948,1.0
M00798_P00950,1.0
M00798_P00951,6.47578
M00798_P00959,5.7478266
M00798_P00962,1.0
M00799_P00529,1.0
M00799_P00535,5.935515
M00799_P00536,6.438523
M00799_P00542,6.1563835
M00799_P00543,6.2871213
M00799_P00611,6.09547
M00799_P00618,1.0
M00799_P00619,1.0
M00799_P00622,5.9361863
M00800_P00185,1.0
M00800_P00193,5.9068503
M00800_P00197,1.0
M00800_P00199,6.066904
M00800_P00200,6.0033736
M00800_P00443,1.0
M00800_P00448,5.8927593
M00800_P00452,1.0
M00800_P00462,5.9604445
M00800_P00463,7.1664877
M00800_P00465,1.0
M00800_P00468,6.05422
M00801_P00863,6.110893
M00801_P00880,5.9581075
M00801_P00882,1.0
M00801_P01070,1.0
M00801_P01074,6.770882
M00801_P01082,6.2035275
M00802_P00655,6.211821
M00802_P00662,5.8972254
M00802_P00666,1.0
M00802_P00668,1.0
M00802_P00669,6.0953593
M00802_P00673,6.284734
M00802_P00674,6.036488
M00802_P01020,6.222726
M00802_P01034,6.121265
M00802_P01037,6.0551076
M00802_P01038,5.826947
M00803_P00574,1.0
M00803_P00579,1.0
M00803_P00582,6.140768
M00803_P00584,1.0
M00803_P00586,1.0
M00803_P00590,6.7948627
M00803_P00611,5.9852996
M00803_P00618,1.0
M00803_P00619,6.179444
M00803_P00622,6.4176264
M00804_P01120,6.412382
M00804_P01201,1.0
M00804_P01209,5.778636
M00804_P01210,5.747924
M00804_P01211,6.4878764
M00804_P01214,6.11688
M00805_P00209,1.0
M00805_P00210,6.255454
M00805_P00211,1.0
M00805_P00219,6.2192063
M00805_P00221,1.0
M00805_P00222,1.0
M00805_P00232,1.0
M00805_P00234,1.0
M00805_P01120,6.097443
M00806_P00391,1.0
M00806_P00399,6.483306
M00806_P00410,1.0
M00806_P00416,6.444923
M00806_P00529,1.0
M00806_P00535,5.9817853
M00806_P00536,5.9909167
M00806_P00542,1.0
M00806_P00543,6.0871544
M00807_P00611,1.0
M00807_P00618,1.0
M00807_P00619,1.0
M00807_P00622,5.9418335
M00807_P01177,6.390818
M00807_P01182,5.8985124
M00807_P01184,5.8367667
M00807_P01193,1.0
M00807_P01196,6.6886086
M00808_P00678,1.0
M00808_P00679,6.169989
M00808_P00680,1.0
M00808_P00681,6.062638
M00808_P00683,6.4384956
M00808_P00694,6.4141073
M00808_P01020,1.0
M00808_P01034,5.8819838
M00808_P01037,1.0
M00808_P01038,1.0
M00809_P00287,1.0
M00809_P00290,5.773866
M00809_P00291,5.9539742
M00809_P00295,1.0
M00809_P00297,1.0
M00809_P00298,6.201186
M00809_P00299,5.8724647
M00809_P00304,6.27125
M00809_P00307,6.9558425
M00809_P00309,1.0
M00809_P00310,6.2902555
M00809_P00705,1.0
M00809_P00707,6.3489714
M00809_P00716,1.0
M00809_P00718,7.2841597
M00809_P00724,6.3008404
M00809_P00728,1.0
M00810_P00266,1.0
M00810_P00271,1.0
M00810_P00278,7.1260576
M00810_P00286,6.5880165
M00810_P00922,5.9887333
M00810_P00927,5.8973117
M00810_P00931,6.149167
M00810_P00935,1.0
M00811_P00209,1.0
M00811_P00210,1.0
M00811_P00211,6.1402597
M00811_P00219,1.0
M00811_P00221,6.1500773
M00811_P00222,6.23007
M00811_P00232,5.870686
M00811_P00234,6.81835
M00811_P00313,1.0
M00811_P00324,6.179697
M00811_P00329,6.1668944
M00811_P00333,6.628118
M00811_P00334,7.0426397
M00812_P00079,6.133002
M00812_P00082,6.043793
M00812_P00087,5.9616885
M00812_P00097,6.4371667
M00812_P00102,6.019518
M00812_P01020,1.0
M00812_P01034,1.0
M00812_P01037,5.9041166
M00812_P01038,5.824814
M00813_P00209,1.0
M00813_P00210,6.3785014
M00813_P00211,1.0
M00813_P00219,1.0
M00813_P00221,6.0763893
M00813_P00222,6.2305365
M00813_P00232,5.8357806
M00813_P00234,1.0
M00813_P00807,1.0
M00813_P00812,1.0
M00813_P00819,5.997444
M00813_P00826,6.7778993
M00813_P00827,1.0
M00814_P00835,1.0
M00814_P00840,1.0
M00814_P00844,1.0
M00814_P00847,5.9219756
M00814_P00848,6.007948
M00814_P00856,1.0
M00814_P00922,1.0
M00814_P00927,6.3552747
M00814_P00931,1.0
M00814_P00935,6.297447
M00815_P00678,1.0
M00815_P00679,6.1362014
M00815_P00680,1.0
M00815_P00681,6.35343
M00815_P00683,1.0
M00815_P00694,6.267521
M00815_P01146,5.956267
M00815_P01157,1.0
M00815_P01166,1.0
M00815_P01169,5.9866004
M00816_P00732,5.637026
M00816_P00738,6.054234
M00816_P00742,6.6282134
M00816_P00744,6.2194586
M00816_P00747,1.0
M00816_P00753,1.0
M00816_P01177,6.739952
M00816_P01182,6.159671
M00816_P01184,1.0
M00816_P01193,1.0
M00816_P01196,6.12732
M00817_P00136,6.659393
M00817_P00141,6.9679527
M00817_P00148,1.0
M00817_P00156,7.112705
M00817_P00965,6.072765
M00817_P00966,1.0
M00817_P00975,6.557629
M00817_P00978,7.0345592
M00817_P00980,1.0
M00817_P00986,1.0
M00818_P00055,1.0
M00818_P00057,1.0
M00818_P00059,1.0
M00818_P00064,6.1157217
M00818_P00066,6.4931364
M00818_P00071,6.401027
M00818_P00077,6.524103
M00818_P00478,5.55337
M00818_P00479,1.0
M00818_P00486,1.0
M00818_P00491,5.871585
M00819_P00478,5.856216
M00819_P00479,1.0
M00819_P00486,1.0
M00819_P00491,6.1829643
M00819_P00888,1.0
M00819_P00889,6.0102468
M00819_P00893,5.7571387
M00819_P00894,6.4101915
M00819_P00895,6.1477656
M00819_P00901,6.479383
M00819_P00909,6.132791
M00820_P00807,1.0
M00820_P00812,6.7513638
M00820_P00819,5.913451
M00820_P00826,6.268014
M00820_P00827,1.0
M00820_P00940,6.0599937
M00820_P00948,6.115566
M00820_P00950,1.0
M00820_P00951,6.584847
M00820_P00959,1.0
M00820_P00962,6.7567525
M00821_P00185,6.513901
M00821_P00193,6.0023336
M00821_P00197,6.1158533
M00821_P00199,1.0
M00821_P00200,1.0
M00821_P00940,1.0
M00821_P00948,1.0
M00821_P00950,6.4359565
M00821_P00951,1.0
M00821_P00959,6.324891
M00821_P00962,6.6001964
M00822_P00055,1.0
M00822_P00057,5.7491603
M00822_P00059,6.310256
M00822_P00064,6.0533447
M00822_P00066,6.607913
M00822_P00071,6.424297
M00822_P00077,6.387284
M00822_P00888,5.8191032
M00822_P00889,6.176055
M00822_P00893,6.012753
M00822_P00894,1.0
M00822_P00895,6.5521164
M00822_P00901,7.653024
M00822_P00909,6.5025797
M00823_P00345,1.0
M00823_P00347,6.0520997
M00823_P00351,6.1943755
M00823_P00353,1.0
M00823_P00359,5.945305
M00823_P00362,6.0368686
M00823_P00888,1.0
M00823_P00889,5.973757
M00823_P00893,6.118235
M00823_P00894,6.9885726
M00823_P00895,1.0
M00823_P00901,6.955552
M00823_P00909,1.0
M00824_P01070,6.13829
M00824_P01074,5.9963546
M00824_P01082,6.2428074
M00824_P01223,1.0
M00824_P01234,6.926915
M00824_P01236,5.996475
M00824_P01241,1.0
M00824_P01242,1.0
M00825_P00055,6.078063
M00825_P00057,1.0
M00825_P00059,1.0
M00825_P00064,1.0
M00825_P00066,6.77515
M00825_P00071,1.0
M00825_P00077,6.5958123
M00825_P00515,1.0
M00826_P00136,6.6368284
M00826_P00141,6.668341
M00826_P00148,6.234769
M00826_P00156,1.0
M00826_P00574,1.0
M00826_P00579,6.2577424
M00826_P00582,1.0
M00826_P00584,6.1363287
M00826_P00586,6.2093678
M00826_P00590,6.5013475
M00827_P00345,1.0
M00827_P00347,6.2806087
M00827_P00351,6.292323
M00827_P00353,1.0
M00827_P00359,1.0
M00827_P00362,6.012998
M00827_P00391,6.2436733
M00827_P00399,6.021104
M00827_P00410,6.1304884
M00827_P00416,6.1927323
M00828_P01020,1.0
M00828_P01034,1.0
M00828_P01037,6.102553
M00828_P01038,1.0
M00828_P01177,1.0
M00828_P01182,1.0
M00828_P01184,6.551741
M00828_P01193,6.287464
M00828_P01196,6.1841536
M00829_P00266,1.0
M00829_P00271,6.841113
M00829_P00278,1.0
M00829_P00286,1.0
M00829_P01041,1.0
M00829_P01042,6.5380535
M00829_P01048,1.0
M00829_P01049,1.0
M00829_P01051,6.1128983
M00829_P01055,6.1407084
M00829_P01063,1.0
M00829_P01064,1.0
M00830_P00079,1.0
M00830_P00082,6.003292
M00830_P00087,1.0
M00830_P00097,1.0
M00830_P00102,6.1283855
M00830_P00345,1.0
M00830_P00347,1.0
M00830_P00351,5.9398108
M00830_P00353,1.0
M00830_P00359,6.12311
M00830_P00362,1.0
M00831_P00443,6.248178
M00831_P00448,1.0
M00831_P00452,5.9812455
M00831_P00462,6.0697136
M00831_P00463,6.408152
M00831_P00465,1.0
M00831_P00468,1.0
M00831_P00888,1.0
M00831_P00889,6.3035603
M00831_P00893,1.0
M00831_P00894,6.2947187
M00831_P00895,6.5056863
M00831_P00901,7.2469425
M00831_P00909,1.0
M00832_P00529,1.0
M00832_P00535,6.0336633
M00832_P00536,5.6459646
M00832_P00542,1.0
M00832_P00543,6.5708714
M00832_P01201,5.936704
M00832_P01209,6.2235994
M00832_P01210,1.0
M00832_P01211,1.0
M00832_P01214,5.9476686
M00833_P00443,5.930956
M00833_P00448,5.612529
M00833_P00452,6.010387
M00833_P00462,6.504523
M00833_P00463,1.0
M00833_P00465,6.275741
M00833_P00468,6.642523
M00833_P00940,5.7405577
M00833_P00948,6.404059
M00833_P00950,6.111171
M00833_P00951,1.0
M00833_P00959,6.048858
M00833_P00962,6.044052
M00834_P00209,6.253075
M00834_P00210,1.0
M00834_P00211,1.0
M00834_P00219,5.8344083
M00834_P00221,6.39942
M00834_P00222,1.0
M00834_P00232,6.1431723
M00834_P00234,6.7018495
M00834_P00705,6.279904
M00834_P00707,6.0375075
M00834_P00716,1.0
M00834_P00718,1.0
M00834_P00724,6.103888
M00834_P00728,1.0
M00835_P00209,1.0
M00835_P00210,6.284225
M00835_P00211,1.0
M00835_P00219,6.0349283
M00835_P00221,6.1598268
M00835_P00222,6.1172447
M00835_P00232,5.919929
M00835_P00234,7.099711
M00835_P01070,5.857428
M00835_P01074,1.0
M00835_P01082,5.961032
M00836_P00241,1.0
M00836_P00244,5.7022305
M00836_P00245,6.357457
M00836_P00248,1.0
M00836_P00255,6.2417855
M00836_P00260,6.6881447
M00836_P00391,1.0
M00836_P00399,1.0
M00836_P00410,6.2044635
M00836_P00416,6.8730664
M00837_P00391,1.0
M00837_P00399,6.4748187
M00837_P00410,6.374086
M00837_P00416,6.5664454
M00837_P01146,6.0254574
M00837_P01157,5.9242587
M00837_P01166,1.0
M00837_P01169,5.935528
M00838_P00241,5.996644
M00838_P00244,6.0411086
M00838_P00245,6.395795
M00838_P00248,1.0
M00838_P00255,1.0
M00838_P00260,6.7970505
M00838_P00965,1.0
M00838_P00966,6.01543
M00838_P00975,6.61292
M00838_P00978,1.0
M00838_P00980,6.0697675
M00838_P00986,1.0
M00839_P00678,1.0
M00839_P00679,6.324151
M00839_P00680,1.0
M00839_P00681,1.0
M00839_P00683,6.0572295
M00839_P00694,5.9521604
M00839_P01041,1.0
M00839_P01042,1.0
M00839_P01048,1.0
M00839_P01049,7.483719
M00839_P01051,6.499886
M00839_P01055,6.0292854
M00839_P01063,1.0
M00839_P01064,1.0
M00840_P00108,6.033853
M00840_P00110,5.952141
M00840_P00114,6.7267103
M00840_P00124,6.2578382
M00840_P00129,5.991464
M00840_P01070,6.0250745
M00840_P01074,6.1534367
M00840_P01082,6.205275
M00841_P00655,6.0406823
M00841_P00662,1.0
M00841_P00666,1.0
M00841_P00668,6.040539
M00841_P00669,6.2649455
M00841_P00673,7.089143
M00841_P00674,5.891678
M00841_P00863,1.0
M00841_P00880,6.1208363
M00841_P00882,1.0
M00842_P00611,1.0
M00842_P00618,1.0
M00842_P00619,6.6452856
M00842_P00622,1.0
M00842_P01146,6.2189794
M00842_P01157,1.0
M00842_P01166,6.147369
M00842_P01169,1.0
M00843_P00529,1.0
M00843_P00535,6.110178
M00843_P00536,6.4228377
M00843_P00542,6.0435967
M00843_P00543,6.554519
M00843_P00991,6.183641
M00843_P00993,6.026261
M00843_P00997,1.0
M00843_P01000,6.5372334
M00843_P01010,6.560428
M00844_P00761,6.58473
M00844_P00772,1.0
M00844_P01201,6.1107926
M00844_P01209,6.0576997
M00844_P01210,6.0860977
M00844_P01211,1.0
M00844_P01214,5.7559013
M00845_P00108,5.7287073
M00845_P00110,5.7794957
M00845_P00114,6.6416683
M00845_P00124,6.015494
M00845_P00129,6.067199
M00845_P00922,6.360795
M00845_P00927,6.3689404
M00845_P00931,5.9735584
M00845_P00935,6.242688
M00846_P00345,6.068625
M00846_P00347,6.1689577
M00846_P00351,6.5929627
M00846_P00353,5.730266
M00846_P00359,6.499186
M00846_P00362,5.7726326
M00846_P00705,6.195039
M00846_P00707,1.0
M00846_P00716,1.0
M00846_P00718,1.0
M00846_P00724,1.0
M00846_P00728,6.4239283
M00847_P00478,5.736056
M00847_P00479,6.523517
M00847_P00486,1.0
M00847_P00491,6.165393
M00847_P00529,1.0
M00847_P00535,1.0
M00847_P00536,1.0
M00847_P00542,1.0
M00847_P00543,6.3818502
M00848_P00807,6.045634
M00848_P00812,7.043606
M00848_P00819,1.0
M00848_P00826,1.0
M00848_P00827,6.8862042
M00848_P00940,6.1009955
M00848_P00948,6.1079946
M00848_P00950,6.3375206
M00848_P00951,6.169124
M00848_P00959,1.0
M00848_P00962,7.3349237
M00849_P00079,5.964419
M00849_P00082,1.0
M00849_P00087,6.000596
M00849_P00097,6.2443852
M00849_P00102,1.0
M00849_P01120,6.2358994
M00850_P00761,6.3091316
M00850_P00772,1.0
M00850_P01041,1.0
M00850_P01042,1.0
M00850_P01048,6.1403418
M00850_P01049,6.8734856
M00850_P01051,1.0
M00850_P01055,5.9477253
M00850_P01063,1.0
M00850_P01064,5.8290415
M00851_P00266,6.78634
M00851_P00271,6.368692
M00851_P00278,6.663114
M00851_P00286,6.4554467
M00851_P00761,6.0602884
M00851_P00772,5.9845996
M00852_P00313,1.0
M00852_P00324,1.0
M00852_P00329,5.8734818
M00852_P00333,1.0
M00852_P00334,1.0
M00852_P00705,6.0744495
M00852_P00707,6.554461
M00852_P00716,6.3636537
M00852_P00718,7.745205
M00852_P00724,1.0
M00852_P00728,6.0847435
M00853_P00515,5.844627
M00853_P01070,6.0046477
M00853_P01074,6.241137
M00853_P01082,5.8748727
M00854_P00136,7.208617
M00854_P00141,6.6927443
M00854_P00148,1.0
M00854_P00156,6.6525826
M00854_P01099,6.7874956
M00854_P01107,1.0
M00854_P01108,6.6066675
M00854_P01109,6.3190627
M00854_P01114,6.6021514
M00854_P01118,1.0
M00855_P00136,7.202022
M00855_P00141,6.7404466
M00855_P00148,6.1409197
M00855_P00156,1.0
M00855_P00625,1.0
M00855_P00630,6.1270647
M00855_P00632,6.024051
M00855_P00635,1.0
M00855_P00644,6.621408
M00855_P00645,1.0
M00855_P00650,6.2754483
M00856_P00079,1.0
M00856_P00082,6.61141
M00856_P00087,6.026235
M00856_P00097,6.2574058
M00856_P00102,5.889572
M00856_P00678,6.25349
M00856_P00679,1.0
M00856_P00680,1.0
M00856_P00681,6.0594687
M00856_P00683,1.0
M00856_P00694,6.1968822
M00857_P01146,6.221494
M00857_P01157,5.925835
M00857_P01166,6.0426083
M00857_P01169,6.5065265
M00857_P01201,1.0
M00857_P01209,1.0
M00857_P01210,1.0
M00857_P01211,1.0
M00857_P01214,1.0
M00858_P00705,1.0
M00858_P00707,6.477807
M00858_P00716,1.0
M00858_P00718,1.0
M00858_P00724,1.0
M00858_P00728,5.92036
M00858_P01099,1.0
M00858_P01107,1.0
M00858_P01108,6.536098
M00858_P01109,1.0
M00858_P01114,6.505369
M00858_P01118,1.0
M00859_P00011,1.0
M00859_P00024,1.0
M00859_P00368,1.0
M00859_P00372,1.0
M00859_P00378,6.2736697
M00859_P00382,5.9124613
M00859_P00383,1.0
M00860_P00209,6.1986647
M00860_P00210,1.0
M00860_P00211,1.0
M00860_P00219,6.060278
M00860_P00221,1.0
M00860_P00222,6.488221
M00860_P00232,6.126484
M00860_P00234,1.0
M00860_P00991,6.157893
M00860_P00993,1.0
M00860_P00997,6.0175376
M00860_P01000,6.5050416
M00860_P01010,1.0
M00861_P00011,1.0
M00861_P00024,1.0
M00861_P00032,1.0
M00861_P00044,6.6986785
M00861_P00045,1.0
M00861_P00050,1.0
M00861_P00052,6.4250197
M00862_P00185,1.0
M00862_P00193,6.3723516
M00862_P00197,6.0590563
M00862_P00199,5.920575
M00862_P00200,5.8999825
M00862_P00732,1.0
M00862_P00738,6.2186565
M00862_P00742,1.0
M00862_P00744,5.8928256
M00862_P00747,1.0
M00862_P00753,5.9591074
M00863_P00108,1.0
M00863_P00110,5.873448
M00863_P00114,6.9243217
M00863_P00124,1.0
M00863_P00129,6.0231833
M00863_P00782,1.0
M00863_P00786,1.0
M00863_P00788,1.0
M00863_P00797,6.1729226
M00863_P00803,1.0
M00864_P00136,7.190008
M00864_P00141,1.0
M00864_P00148,6.3344555
M00864_P00156,1.0
M00864_P01223,1.0
M00864_P01234,1.0
M00864_P01236,1.0
M00864_P01241,6.832498
M00864_P01242,6.379742
M00865_P00529,1.0
M00865_P00535,1.0
M00865_P00536,6.566882
M00865_P00542,5.6775885
M00865_P00543,6.920763
M00865_P00625,6.170649
M00865_P00630,1.0
M00865_P00632,6.074678
M00865_P00635,6.086668
M00865_P00644,1.0
M00865_P00645,1.0
M00865_P00650,6.513176
M00866_P00209,1.0
M00866_P00210,6.39074
M00866_P00211,1.0
M00866_P00219,6.1965714
M00866_P00221,6.0704355
M00866_P00222,1.0
M00866_P00232,1.0
M00866_P00234,7.036816
M00866_P00625,1.0
M00866_P00630,5.6959786
M00866_P00632,5.992321
M00866_P00635,1.0
M00866_P00644,1.0
M00866_P00645,6.5102677
M00866_P00650,1.0
M00867_P00108,1.0
M00867_P00110,5.865358
M00867_P00114,7.4202547
M00867_P00124,6.49106
M00867_P00129,6.0226426
M00867_P00888,6.16263
M00867_P00889,1.0
M00867_P00893,5.9785004
M00867_P00894,6.440903
M00867_P00895,6.7564254
M00867_P00901,1.0
M00867_P00909,1.0
M00868_P01020,1.0
M00868_P01034,6.0285935
M00868_P01037,1.0
M00868_P01038,6.516031
M00868_P01099,1.0
M00868_P01107,5.9520326
M00868_P01108,1.0
M00868_P01109,6.235441
M00868_P01114,6.2182913
M00868_P01118,1.0
M00869_P00574,1.0
M00869_P00579,6.002938
M00869_P00582,6.994861
M00869_P00584,6.384256
M00869_P00586,6.2099977
M00869_P00590,6.7160726
M00869_P01223,1.0
M00869_P01234,1.0
M00869_P01236,5.82366
M00869_P01241,5.710733
M00869_P01242,5.8664327
M00870_P00678,1.0
M00870_P00679,6.252578
M00870_P00680,5.784491
M00870_P00681,5.8937616
M00870_P00683,1.0
M00870_P00694,1.0
M00870_P01041,1.0
M00870_P01042,6.459454
M00870_P01048,1.0
M00870_P01049,6.5911045
M00870_P01051,1.0
M00870_P01055,1.0
M00870_P01063,5.9780293
M00870_P01064,5.9628515
M00871_P00136,6.862888
M00871_P00141,7.158569
M00871_P00148,5.700432
M00871_P00156,6.6599283
M00871_P00345,1.0
M00871_P00347,1.0
M00871_P00351,1.0
M00871_P00353,1.0
M00871_P00359,6.3492866
M00871_P00362,1.0
M00872_P00185,1.0
M00872_P00193,1.0
M00872_P00197,5.983047
M00872_P00199,1.0
M00872_P00200,6.1162853
M00872_P00991,5.9659467
M00872_P00993,1.0
M00872_P00997,5.9102163
M00872_P01000,5.922505
M00872_P01010,5.9738836
M00873_P00574,1.0
M00873_P00579,1.0
M00873_P00582,1.0
M00873_P00584,6.30855
M00873_P00586,6.692952
M00873_P00590,7.220479
M00873_P00732,6.031255
M00873_P00738,5.7927475
M00873_P00742,1.0
M00873_P00744,5.9408646
M00873_P00747,7.373553
M00873_P00753,5.895235
M00874_P00391,1.0
M00874_P00399,1.0
M00874_P00410,1.0
M00874_P00416,6.2897105
M00874_P00478,5.798688
M00874_P00479,1.0
M00874_P00486,6.0652585
M00874_P00491,1.0
M00875_P00391,1.0
M00875_P00399,1.0
M00875_P00410,6.695052
M00875_P00416,1.0
M00875_P00940,6.027224
M00875_P00948,1.0
M00875_P00950,6.61393
M00875_P00951,6.2584624
M00875_P00959,5.9739366
M00875_P00962,1.0
M00876_P00032,6.838876
M00876_P00044,6.217178
M00876_P00045,5.892873
M00876_P00050,1.0
M00876_P00052,1.0
M00876_P01146,1.0
M00876_P01157,6.057697
M00876_P01166,1.0
M00876_P01169,5.9720926
M00877_P00345,1.0
M00877_P00347,1.0
M00877_P00351,6.6194572
M00877_P00353,6.050304
M00877_P00359,1.0
M00877_P00362,1.0
M00877_P00888,1.0
M00877_P00889,6.0408125
M00877_P00893,6.043516
M00877_P00894,6.014956
M00877_P00895,1.0
M00877_P00901,7.1240396
M00877_P00909,1.0
M00878_P00655,6.248408
M00878_P00662,1.0
M00878_P00666,1.0
M00878_P00668,5.750626
M00878_P00669,6.052466
M00878_P00673,1.0
M00878_P00674,1.0
M00878_P01223,6.3467817
M00878_P01234,1.0
M00878_P01236,1.0
M00878_P01241,6.6125135
M00878_P01242,6.2297792
M00879_P00391,1.0
M00879_P00399,1.0
M00879_P00410,1.0
M00879_P00416,6.344031
M00879_P00835,1.0
M00879_P00840,6.2649546
M00879_P00844,5.8536377
M00879_P00847,5.9323664
M00879_P00848,5.8277864
M00879_P00856,6.6791844
M00880_P00391,6.0655084
M00880_P00399,1.0
M00880_P00410,6.3032837
M00880_P00416,1.0
M00880_P00835,1.0
M00880_P00840,1.0
M00880_P00844,5.897453
M00880_P00847,5.8304896
M00880_P00848,1.0
M00880_P00856,1.0
M00881_P00011,1.0
M00881_P00024,6.204934
M00881_P00863,1.0
M00881_P00880,6.5078006
M00881_P00882,1.0
M00882_P00209,1.0
M00882_P00210,6.129305
M00882_P00211,1.0
M00882_P00219,5.8848825
M00882_P00221,6.550182
M00882_P00222,6.593329
M00882_P00232,1.0
M00882_P00234,6.2173386
M00882_P00655,1.0
M00882_P00662,5.8170066
M00882_P00666,5.8906574
M00882_P00668,1.0
M00882_P00669,6.071597
M00882_P00673,6.832307
M00882_P00674,5.963237
M00883_P00611,6.291438
M00883_P00618,6.4036
M00883_P00619,1.0
M00883_P00622,6.1466227
M00883_P00922,6.6267357
M00883_P00927,1.0
M00883_P00931,5.974954
M00883_P00935,6.786646
M00884_P00108,5.7217107
M00884_P00110,1.0
M00884_P00114,6.9263587
M00884_P00124,1.0
M00884_P00129,5.8811345
M00884_P00782,1.0
M00884_P00786,1.0
M00884_P00788,6.369386
M00884_P00797,1.0
M00884_P00803,6.6378527
M00885_P00011,6.0440063
M00885_P00024,5.973591
M00885_P00443,1.0
M00885_P00448,1.0
M00885_P00452,1.0
M00885_P00462,6.55151
M00885_P00463,1.0
M00885_P00465,1.0
M00885_P00468,1.0
M00886_P00079,1.0
M00886_P00082,1.0
M00886_P00087,6.276143
M00886_P00097,6.360557
M00886_P00102,6.0768976
M00886_P00678,6.1797237
M00886_P00679,1.0
M00886_P00680,6.2200165
M00886_P00681,1.0
M00886_P00683,1.0
M00886_P00694,1.0
M00887_P01041,1.0
M00887_P01042,6.2717657
M00887_P01048,6.292833
M00887_P01049,6.9414454
M00887_P01051,1.0
M00887_P01055,6.4651794
M00887_P01063,1.0
M00887_P01064,6.204513
M00887_P01201,1.0
M00887_P01209,5.9079084
M00887_P01210,1.0
M00887_P01211,6.550807
M00887_P01214,6.0175056
M00888_P00705,1.0
M00888_P00707,6.5879717
M00888_P00716,1.0
M00888_P00718,6.8123574
M00888_P00724,6.1455374
M00888_P00728,6.9802847
M00888_P01177,5.9972577
M00888_P01182,1.0
M00888_P01184,1.0
M00888_P01193,6.009661
M00888_P01196,1.0
M00889_P00888,1.0
M00889_P00889,1.0
M00889_P00893,5.865233
M00889_P00894,6.3265505
M00889_P00895,6.0877633
M00889_P00901,7.023393
M00889_P00909,5.8606834
M00889_P01041,1.0
M00889_P01042,1.0
M00889_P01048,1.0
M00889_P01049,1.0
M00889_P01051,6.714408
M00889_P01055,1.0
M00889_P01063,6.0708165
M00889_P01064,1.0
M00890_P00136,7.4024205
M00890_P00141,6.7818213
M00890_P00148,6.089782
M00890_P00156,6.1150265
M00890_P00443,1.0
M00890_P00448,1.0
M00890_P00452,6.0630407
M00890_P00462,1.0
M00890_P00463,6.1584888
M00890_P00465,6.2545004
M00890_P00468,6.272354
M00891_P00345,1.0
M00891_P00347,1.0
M00891_P00351,6.302402
M00891_P00353,5.915634
M00891_P00359,6.1395164
M00891_P00362,1.0
M00891_P00835,6.2376466
M00891_P00840,1.0
M00891_P00844,5.8068423
M00891_P00847,6.031544
M00891_P00848,1.0
M00891_P00856,6.4454513
M00892_P00655,6.584333
M00892_P00662,6.103997
M00892_P00666,6.0871534
M00892_P00668,6.332383
M00892_P00669,6.099311
M00892_P00673,6.334594
M00892_P00674,1.0
M00892_P00991,1.0
M00892_P00993,1.0
M00892_P00997,1.0
M00892_P01000,6.261701
M00892_P01010,1.0
M00893_P00515,1.0
M00893_P01177,5.8505797
M00893_P01182,5.790673
M00893_P01184,1.0
M00893_P01193,1.0
M00893_P01196,5.9665413
M00894_P00079,1.0
M00894_P00082,6.3646274
M00894_P00087,6.112219
M00894_P00097,6.4276395
M00894_P00102,1.0
M00894_P00423,6.041684
M00894_P00424,5.993843
M00894_P00425,1.0
M00894_P00426,6.3524284
M00894_P00431,6.0627565
M00894_P00436,1.0
M00894_P00440,6.2167854
M00895_P00185,1.0
M00895_P00193,1.0
M00895_P00197,1.0
M00895_P00199,6.299987
M00895_P00200,6.019462
M00895_P00782,1.0
M00895_P00786,1.0
M00895_P00788,1.0
M00895_P00797,6.3789024
M00895_P00803,6.7789845
M00896_P00515,5.858173
M00896_P01120,1.0
M00897_P00011,6.04128
M00897_P00024,1.0
M00897_P00185,1.0
M00897_P00193,6.3304167
M00897_P00197,5.8730564
M00897_P00199,6.0663753
M00897_P00200,6.147324
M00898_P00011,1.0
M00898_P00024,5.9254856
M00898_P01146,6.0135374
M00898_P01157,1.0
M00898_P01166,5.955996
M00898_P01169,1.0
M00899_P00574,6.0971446
M00899_P00579,1.0
M00899_P00582,6.2098794
M00899_P00584,1.0
M00899_P00586,6.05286
M00899_P00590,6.4428825
M00899_P00888,1.0
M00899_P00889,6.1566486
M00899_P00893,1.0
M00899_P00894,6.5396767
M00899_P00895,6.0563755
M00899_P00901,6.971182
M00899_P00909,1.0
M00900_P00266,1.0
M00900_P00271,1.0
M00900_P00278,6.520114
M00900_P00286,1.0
M00900_P00625,1.0
M00900_P00630,1.0
M00900_P00632,6.5592785
M00900_P00635,6.0603023
M00900_P00644,1.0
M00900_P00645,1.0
M00900_P00650,6.4184146
M00901_P00185,1.0
M00901_P00193,6.4363174
M00901_P00197,5.9965014
M00901_P00199,1.0
M00901_P00200,6.154444
M00901_P01201,5.987678
M00901_P01209,6.2561283
M00901_P01210,1.0
M00901_P01211,1.0
M00901_P01214,1.0
M00902_P00549,6.238567
M00902_P00552,5.9205422
M00902_P00554,1.0
M00902_P00561,1.0
M00902_P00562,1.0
M00902_P00568,6.0255923
M00902_P00732,5.894504
M00902_P00738,1.0
M00902_P00742,1.0
M00902_P00744,6.1498876
M00902_P00747,7.226163
M00902_P00753,5.973267
M00903_P00423,6.4522853
M00903_P00424,1.0
M00903_P00425,6.564904
M00903_P00426,1.0
M00903_P00431,1.0
M00903_P00436,1.0
M00903_P00440,6.116103
M00903_P01201,5.8781643
M00903_P01209,1.0
M00903_P01210,1.0
M00903_P01211,1.0
M00903_P01214,5.8833566
M00904_P00761,1.0
M00904_P00772,6.1217566
M00904_P00807,1.0
M00904_P00812,6.869327
M00904_P00819,6.0264454
M00904_P00826,6.95169
M00904_P00827,1.0
M00905_P00079,1.0
M00905_P00082,1.0
M00905_P00087,5.8538074
M00905_P00097,6.5430517
M00905_P00102,6.1728425
M00905_P00835,6.0925198
M00905_P00840,1.0
M00905_P00844,6.2665777
M00905_P00847,6.025329
M00905_P00848,5.7989984
M00905_P00856,1.0
M00906_P00266,6.6033955
M00906_P00271,1.0
M00906_P00278,6.7217045
M00906_P00286,6.404233
M00906_P00611,6.1078534
M00906_P00618,6.180908
M00906_P00619,1.0
M00906_P00622,5.8345275
M00907_P00940,1.0
M00907_P00948,6.7195883
M00907_P00950,1.0
M00907_P00951,6.3257866
M00907_P00959,1.0
M00907_P00962,6.8485837
M00907_P01146,1.0
M00907_P01157,6.033935
M00907_P01166,6.087827
M00907_P01169,6.06187
M00908_P00368,6.128213
M00908_P00372,1.0
M00908_P00378,1.0
M00908_P00382,1.0
M00908_P00383,6.0512285
M00908_P00863,6.0549216
M00908_P00880,6.7979093
M00908_P00882,6.3825026
M00909_P00011,1.0
M00909_P00024,1.0
M00909_P00423,6.7466493
M00909_P00424,1.0
M00909_P00425,1.0
M00909_P00426,1.0
M00909_P00431,5.7809067
M00909_P00436,6.4392433
M00909_P00440,6.0932913
M00910_P00611,1.0
M00910_P00618,1.0
M00910_P00619,1.0
M00910_P00622,1.0
M00910_P00655,1.0
M00910_P00662,6.0763474
M00910_P00666,1.0
M00910_P00668,1.0
M00910_P00669,6.4306464
M00910_P00673,6.580946
M00910_P00674,5.9552326
M00911_P00055,1.0
M00911_P00057,5.8339944
M00911_P00059,6.278265
M00911_P00064,1.0
M00911_P00066,7.1496897
M00911_P00071,6.3295665
M00911_P00077,1.0
M00911_P00940,6.255231
M00911_P00948,1.0
M00911_P00950,6.6615252
M00911_P00951,6.559603
M00911_P00959,5.8675857
M00911_P00962,6.9076204
M00912_P00368,6.1506767
M00912_P00372,6.9698257
M00912_P00378,5.898546
M00912_P00382,6.0723257
M00912_P00383,1.0
M00912_P00549,6.158022
M00912_P00552,5.935883
M00912_P00554,6.2106194
M00912_P00561,7.6431904
M00912_P00562,5.890696
M00912_P00568,1.0
M00913_P00529,6.279544
M00913_P00535,1.0
M00913_P00536,5.87726
M00913_P00542,6.102089
M00913_P00543,1.0
M00913_P01201,6.013502
M00913_P01209,5.856489
M00913_P01210,5.855156
M00913_P01211,1.0
M00913_P01214,5.5870647
M00914_P00611,1.0
M00914_P00618,6.376868
M00914_P00619,5.9964213
M00914_P00622,6.078814
M00914_P00940,6.142609
M00914_P00948,6.2676187
M00914_P00950,6.5513086
M00914_P00951,6.42843
M00914_P00959,6.183809
M00914_P00962,6.083265
M00915_P00287,1.0
M00915_P00290,6.368778
M00915_P00291,1.0
M00915_P00295,7.072027
M00915_P00297,1.0
M00915_P00298,5.9743776
M00915_P00299,5.8233776
M00915_P00304,1.0
M00915_P00307,1.0
M00915_P00309,6.284486
M00915_P00310,6.2660904
M00915_P00391,1.0
M00915_P00399,1.0
M00915_P00410,1.0
M00915_P00416,6.240589
M00916_P00108,6.1158924
M00916_P00110,6.0196457
M00916_P00114,7.0514274
M00916_P00124,6.004411
M00916_P00129,1.0
M00916_P00655,1.0
M00916_P00662,6.097294
M00916_P00666,6.73295
M00916_P00668,1.0
M00916_P00669,1.0
M00916_P00673,6.4531574
M00916_P00674,1.0
M00917_P00515,1.0
M00917_P00549,1.0
M00917_P00552,1.0
M00917_P00554,1.0
M00917_P00561,7.380997
M00917_P00562,6.014909
M00917_P00568,1.0
M00918_P00011,6.5474696
M00918_P00024,6.176746
M00918_P00625,6.3258624
M00918_P00630,5.793118
M00918_P00632,6.3015456
M00918_P00635,6.0252137
M00918_P00644,6.016718
M00918_P00645,1.0
M00918_P00650,6.443802
M00919_P00515,5.726782
M00919_P00940,5.9557133
M00919_P00948,1.0
M00919_P00950,1.0
M00919_P00951,5.9767103
M00919_P00959,1.0
M00919_P00962,6.5774226
M00920_P00611,6.205797
M00920_P00618,6.60356
M00920_P00619,1.0
M00920_P00622,1.0
M00920_P00761,6.1213346
M00920_P00772,5.816365
M00921_P00313,1.0
M00921_P00324,6.2523203
M00921_P00329,6.037216
M00921_P00333,6.8758664
M00921_P00334,1.0
M00921_P01223,6.092949
M00921_P01234,5.955003
M00921_P01236,5.74626
M00921_P01241,1.0
M00921_P01242,5.720919
M00922_P00011,1.0
M00922_P00024,6.1502247
M00922_P00241,6.0916195
M00922_P00244,1.0
M00922_P00245,6.6499643
M00922_P00248,6.722246
M00922_P00255,1.0
M00922_P00260,6.5681543
M00923_P00368,6.2332087
M00923_P00372,7.1172204
M00923_P00378,6.7091737
M00923_P00382,6.185919
M00923_P00383,6.066658
M00923_P00922,6.1582484
M00923_P00927,6.0386357
M00923_P00931,5.924896
M00923_P00935,1.0
M00924_P00011,6.0379934
M00924_P00024,6.2756805
M00924_P00549,6.360321
M00924_P00552,1.0
M00924_P00554,6.188489
M00924_P00561,7.0257683
M00924_P00562,6.0102253
M00924_P00568,1.0
M00925_P01201,6.036516
M00925_P01209,5.8443522
M00925_P01210,5.884085
M00925_P01211,6.718771
M00925_P01214,1.0
M00925_P01223,5.9886413
M00925_P01234,6.4617457
M00925_P01236,5.868612
M00925_P01241,6.264837
M00925_P01242,5.838489
M00926_P00345,6.3383975
M00926_P00347,6.368491
M00926_P00351,6.60752
M00926_P00353,1.0
M00926_P00359,6.4949455
M00926_P00362,6.373168
M00926_P00888,1.0
M00926_P00889,5.970596
M00926_P00893,6.019671
M00926_P00894,1.0
M00926_P00895,1.0
M00926_P00901,1.0
M00926_P00909,6.5382705
M00927_P00079,6.1892905
M00927_P00082,1.0
M00927_P00087,1.0
M00927_P00097,1.0
M00927_P00102,1.0
M00927_P00807,1.0
M00927_P00812,1.0
M00927_P00819,1.0
M00927_P00826,6.5559587
M00927_P00827,6.6302276
M00928_P00055,1.0
M00928_P00057,6.0626693
M00928_P00059,6.435808
M00928_P00064,5.962821
M00928_P00066,6.6031923
M00928_P00071,1.0
M00928_P00077,6.1035156
M00928_P00136,6.952382
M00928_P00141,6.7081256
M00928_P00148,6.6508293
M00928_P00156,1.0
M00929_P00611,1.0
M00929_P00618,1.0
M00929_P00619,6.0612087
M00929_P00622,1.0
M00929_P01146,6.102757
M00929_P01157,6.1821103
M00929_P01166,1.0
M00929_P01169,6.0784516
M00930_P00157,6.068966
M00930_P00159,1.0
M00930_P00164,1.0
M00930_P00169,1.0
M00930_P00171,6.542978
M00930_P00175,1.0
M00930_P00965,6.2275887
M00930_P00966,1.0
M00930_P00975,6.4516215
M00930_P00978,1.0
M00930_P00980,1.0
M00930_P00986,1.0
M00931_P00655,5.99085
M00931_P00662,5.671964
M00931_P00666,1.0
M00931_P00668,1.0
M00931_P00669,5.7838984
M00931_P00673,6.5721717
M00931_P00674,1.0
M00931_P01041,1.0
M00931_P01042,6.7500806
M00931_P01048,6.263414
M00931_P01049,7.1036825
M00931_P01051,6.5066204
M00931_P01055,1.0
M00931_P01063,5.9409685
M00931_P01064,1.0
M00932_P00705,1.0
M00932_P00707,6.582243
M00932_P00716,6.4578004
M00932_P00718,7.0470023
M00932_P00724,1.0
M00932_P00728,1.0
M00932_P01120,5.9942784
M00933_P00423,1.0
M00933_P00424,5.947857
M00933_P00425,6.3134294
M00933_P00426,5.660947
M00933_P00431,5.7852726
M00933_P00436,6.0182676
M00933_P00440,1.0
M00933_P00478,5.9892683
M00933_P00479,1.0
M00933_P00486,6.9278207
M00933_P00491,6.0831523
M00934_P00529,1.0
M00934_P00535,6.028989
M00934_P00536,1.0
M00934_P00542,6.349524
M00934_P00543,1.0
M00934_P01146,1.0
M00934_P01157,5.974154
M00934_P01166,1.0
M00934_P01169,6.2718787
M00935_P00368,6.2002883
M00935_P00372,1.0
M00935_P00378,6.0073204
M00935_P00382,1.0
M00935_P00383,6.1385465
M00935_P00443,1.0
M00935_P00448,6.103479
M00935_P00452,6.1133094
M00935_P00462,6.297111
M00935_P00463,6.348685
M00935_P00465,6.5118356
M00935_P00468,6.503442
M00936_P00209,5.930701
M00936_P00210,1.0
M00936_P00211,1.0
M00936_P00219,5.6926217
M00936_P00221,6.4465013
M00936_P00222,6.019604
M00936_P00232,1.0
M00936_P00234,7.355236
M00936_P00991,6.2386475
M00936_P00993,6.104238
M00936_P00997,1.0
M00936_P01000,6.245454
M00936_P01010,1.0
M00937_P00157,6.227066
M00937_P00159,1.0
M00937_P00164,6.6637335
M00937_P00169,6.1310315
M00937_P00171,6.845601
M00937_P00175,1.0
M00937_P00287,1.0
M00937_P00290,5.7765164
M00937_P00291,5.801193
M00937_P00295,1.0
M00937_P00297,5.963736
M00937_P00298,5.9307113
M00937_P00299,1.0
M00937_P00304,6.103137
M00937_P00307,6.218772
M00937_P00309,6.9204683
M00937_P00310,6.1715817
M00938_P00529,5.9572835
M00938_P00535,5.9170675
M00938_P00536,6.2320423
M00938_P00542,1.0
M00938_P00543,6.676471
M00938_P00705,1.0
M00938_P00707,1.0
M00938_P00716,6.526045
M00938_P00718,1.0
M00938_P00724,1.0
M00938_P00728,1.0
M00939_P00345,5.918718
M00939_P00347,1.0
M00939_P00351,1.0
M00939_P00353,5.9427094
M00939_P00359,6.24289
M00939_P00362,6.5679955
M00939_P00761,1.0
M00939_P00772,6.2834864
M00940_P00185,6.0672874
M00940_P00193,6.2341948
M00940_P00197,1.0
M00940_P00199,6.0216727
M00940_P00200,1.0
M00940_P00423,1.0
M00940_P00424,6.097383
M00940_P00425,6.124769
M00940_P00426,5.8912377
M00940_P00431,5.9507475
M00940_P00436,1.0
M00940_P00440,5.919117
M00941_P00515,6.298974
M00941_P01120,1.0
M00942_P00345,1.0
M00942_P00347,5.8320637
M00942_P00351,7.1357145
M00942_P00353,6.005915
M00942_P00359,1.0
M00942_P00362,5.9813333
M00942_P00549,1.0
M00942_P00552,1.0
M00942_P00554,1.0
M00942_P00561,7.220699
M00942_P00562,6.048452
M00942_P00568,6.14413
M00943_P00391,1.0
M00943_P00399,6.3284664
M00943_P00410,1.0
M00943_P00416,1.0
M00943_P01177,6.282531
M00943_P01182,1.0
M00943_P01184,6.2130885
M00943_P01193,6.3071566
M00943_P01196,1.0
M00944_P00079,1.0
M00944_P00082,1.0
M00944_P00087,5.9556947
M00944_P00097,6.267406
M00944_P00102,6.224124
M00944_P00835,6.3594913
M00944_P00840,5.6929717
M00944_P00844,5.9140706
M00944_P00847,1.0
M00944_P00848,6.0320554
M00944_P00856,5.7994237
M00945_P00287,1.0
M00945_P00290,6.0575666
M00945_P00291,6.123803
M00945_P00295,1.0
M00945_P00297,6.150581
M00945_P00298,5.98575
M00945_P00299,1.0
M00945_P00304,1.0
M00945_P00307,6.4639726
M00945_P00309,6.3434415
M00945_P00310,1.0
M00945_P00423,6.4613433
M00945_P00424,1.0
M00945_P00425,1.0
M00945_P00426,5.7703795
M00945_P00431,1.0
M00945_P00436,1.0
M00945_P00440,5.7732277
M00946_P00732,5.930578
M00946_P00738,1.0
M00946_P00742,1.0
M00946_P00744,5.8414316
M00946_P00747,6.954076
M00946_P00753,6.0456066
M00946_P00940,1.0
M00946_P00948,6.2829447
M00946_P00950,6.390792
M00946_P00951,6.391195
M00946_P00959,1.0
M00946_P00962,6.2801933
M00947_P00157,1.0
M00947_P00159,1.0
M00947_P00164,1.0
M00947_P00169,5.656628
M00947_P00171,1.0
M00947_P00175,6.1964827
M00947_P00782,1.0
M00947_P00786,5.9394884
M00947_P00788,1.0
M00947_P00797,6.0379577
M00947_P00803,1.0
M00948_P00011,1.0
M00948_P00024,5.806783
M00948_P00185,1.0
M00948_P00193,6.698362
M00948_P00197,5.829486
M00948_P00199,1.0
M00948_P00200,1.0
M00949_P00209,1.0
M00949_P00210,6.2972527
M00949_P00211,1.0
M00949_P00219,1.0
M00949_P00221,6.1513934
M00949_P00222,1.0
M00949_P00232,1.0
M00949_P00234,6.5509386
M00949_P00345,6.0939856
M00949_P00347,6.6094193
M00949_P00351,6.543344
M00949_P00353,5.9757104
M00949_P00359,6.291325
M00949_P00362,6.1736965
M00950_P01041,1.0
M00950_P01042,6.73825
M00950_P01048,6.594295
M00950_P01049,1.0
M00950_P01051,6.2542624
M00950_P01055,6.2343163
M00950_P01063,6.0829854
M00950_P01064,6.0972147
M00950_P01120,1.0
M00951_P00965,1.0
M00951_P00966,6.1015835
M00951_P00975,6.7073226
M00951_P00978,6.7178006
M00951_P00980,1.0
M00951_P00986,6.7301292
M00951_P00991,6.3065
M00951_P00993,5.944412
M00951_P00997,6.109137
M00951_P01000,1.0
M00951_P01010,6.410403
M00952_P00032,6.8621297
M00952_P00044,7.400548
M00952_P00045,6.201464
M00952_P00050,6.411533
M00952_P00052,1.0
M00952_P00136,1.0
M00952_P00141,6.624636
M00952_P00148,5.8905764
M00952_P00156,6.6906357
M00953_P00136,6.6390476
M00953_P00141,1.0
M00953_P00148,6.2627497
M00953_P00156,1.0
M00953_P00209,1.0
M00953_P00210,1.0
M00953_P00211,6.1284966
M00953_P00219,1.0
M00953_P00221,6.6684985
M00953_P00222,6.2003255
M00953_P00232,5.757249
M00953_P00234,1.0
M00954_P00055,5.959365
M00954_P00057,1.0
M00954_P00059,6.459261
M00954_P00064,6.0443025
M00954_P00066,1.0
M00954_P00071,6.8656073
M00954_P00077,1.0
M00954_P00782,1.0
M00954_P00786,5.953351
M00954_P00788,1.0
M00954_P00797,6.6822653
M00954_P00803,6.344374
M00955_P00705,1.0
M00955_P00707,1.0
M00955_P00716,6.178862
M00955_P00718,1.0
M00955_P00724,6.1080427
M00955_P00728,6.6061597
M00955_P00940,5.7265816
M00955_P00948,6.313413
M00955_P00950,6.279647
M00955_P00951,6.175422
M00955_P00959,1.0
M00955_P00962,5.8032475
M00956_P00032,6.304526
M00956_P00044,6.353259
M00956_P00045,1.0
M00956_P00050,5.842987
M00956_P00052,1.0
M00956_P00807,6.214254
M00956_P00812,6.7133737
M00956_P00819,1.0
M00956_P00826,6.6276364
M00956_P00827,6.251265
M00957_P00287,1.0
M00957_P00290,6.0020194
M00957_P00291,6.3625307
M00957_P00295,6.765179
M00957_P00297,1.0
M00957_P00298,5.9450607
M00957_P00299,6.046688
M00957_P00304,6.2472258
M00957_P00307,6.5726256
M00957_P00309,6.5266123
M00957_P00310,1.0
M00957_P00611,1.0
M00957_P00618,1.0
M00957_P00619,1.0
M00957_P00622,1.0
M00958_P00443,1.0
M00958_P00448,1.0
M00958_P00452,5.950986
M00958_P00462,1.0
M00958_P00463,6.8592405
M00958_P00465,6.1705174
M00958_P00468,6.6667743
M00958_P00478,5.8718305
M00958_P00479,6.5089455
M00958_P00486,6.1642747
M00958_P00491,6.02965
M00959_P00055,1.0
M00959_P00057,6.2018256
M00959_P00059,6.978858
M00959_P00064,1.0
M00959_P00066,6.769848
M00959_P00071,6.215792
M00959_P00077,6.5044136
M00959_P01041,1.0
M00959_P01042,6.3500404
M00959_P01048,6.11579
M00959_P01049,7.184297
M00959_P01051,6.1503468
M00959_P01055,1.0
M00959_P01063,5.8094544
M00959_P01064,5.6696463
M00960_P00478,5.9041724
M00960_P00479,6.3973904
M00960_P00486,1.0
M00960_P00491,1.0
M00960_P01070,6.310072
M00960_P01074,1.0
M00960_P01082,1.0
M00961_P00782,6.1045003
M00961_P00786,6.025526
M00961_P00788,6.265012
M00961_P00797,6.1908445
M00961_P00803,6.377014
M00961_P00922,1.0
M00961_P00927,5.8469834
M00961_P00931,6.1061373
M00961_P00935,1.0
M00962_P00443,1.0
M00962_P00448,5.8873324
M00962_P00452,5.972373
M00962_P00462,1.0
M00962_P00463,1.0
M00962_P00465,6.903265
M00962_P00468,6.136573
M00962_P00655,1.0
M00962_P00662,6.169386
M00962_P00666,6.2754674
M00962_P00668,6.063487
M00962_P00669,6.1651406
M00962_P00673,1.0
M00962_P00674,1.0
M00963_P00313,1.0
M00963_P00324,6.2573333
M00963_P00329,6.20457
M00963_P00333,6.615018
M00963_P00334,1.0
M00963_P01099,1.0
M00963_P01107,1.0
M00963_P01108,6.7739534
M00963_P01109,6.407292
M00963_P01114,1.0
M00963_P01118,6.6707683
M00964_P00888,1.0
M00964_P00889,6.1982245
M00964_P00893,5.7615385
M00964_P00894,6.1315045
M00964_P00895,6.327882
M00964_P00901,1.0
M00964_P00909,6.559621
M00964_P01041,1.0
M00964_P01042,1.0
M00964_P01048,1.0
M00964_P01049,1.0
M00964_P01051,6.4823656
M00964_P01055,1.0
M00964_P01063,5.810392
M00964_P01064,6.1301785
M00965_P00625,1.0
M00965_P00630,6.002026
M00965_P00632,6.031022
M00965_P00635,1.0
M00965_P00644,7.2231674
M00965_P00645,1.0
M00965_P00650,1.0
M00965_P01201,1.0
M00965_P01209,1.0
M00965_P01210,1.0
M00965_P01211,6.609178
M00965_P01214,6.09802
M00966_P00807,6.148324
M00966_P00812,1.0
M00966_P00819,5.962991
M00966_P00826,6.139033
M00966_P00827,1.0
M00966_P00888,6.0432916
M00966_P00889,5.8065443
M00966_P00893,1.0
M00966_P00894,1.0
M00966_P00895,1.0
M00966_P00901,7.7828307
M00966_P00909,1.0
M00967_P00443,6.4530883
M00967_P00448,5.9277644
M00967_P00452,5.836292
M00967_P00462,1.0
M00967_P00463,6.2620964
M00967_P00465,6.102322
M00967_P00468,5.910198
M00967_P00625,1.0
M00967_P00630,6.0486183
M00967_P00632,6.7154374
M00967_P00635,1.0
M00967_P00644,6.4666023
M00967_P00645,7.143999
M00967_P00650,6.44049
M00968_P00529,6.0208163
M00968_P00535,1.0
M00968_P00536,5.9928684
M00968_P00542,6.052745
M00968_P00543,1.0
M00968_P01020,1.0
M00968_P01034,6.119212
M00968_P01037,5.9552197
M00968_P01038,5.907761
M00969_P00079,6.4068675
M00969_P00082,1.0
M00969_P00087,1.0
M00969_P00097,6.1117253
M00969_P00102,5.8561015
M00969_P00443,1.0
M00969_P00448,1.0
M00969_P00452,1.0
M00969_P00462,1.0
M00969_P00463,6.3179727
M00969_P00465,1.0
M00969_P00468,6.2471867
M00970_P00368,6.5420675
M00970_P00372,6.812843
M00970_P00378,6.1267495
M00970_P00382,6.216008
M00970_P00383,5.8135056
M00970_P00965,1.0
M00970_P00966,1.0
M00970_P00975,1.0
M00970_P00978,1.0
M00970_P00980,6.9638615
M00970_P00986,6.367148
M00971_P00391,1.0
M00971_P00399,6.6898856
M00971_P00410,1.0
M00971_P00416,1.0
M00971_P01120,6.1815233
M00972_P00079,1.0
M00972_P00082,6.352532
M00972_P00087,6.0191913
M00972_P00097,6.290142
M00972_P00102,1.0
M00972_P00888,1.0
M00972_P00889,5.810283
M00972_P00893,5.9294734
M00972_P00894,1.0
M00972_P00895,6.56989
M00972_P00901,1.0
M00972_P00909,7.0346584
M00973_P00625,1.0
M00973_P00630,6.177502
M00973_P00632,6.4910264
M00973_P00635,6.2595434
M00973_P00644,1.0
M00973_P00645,7.048789
M00973_P00650,1.0
M00973_P00940,5.9337316
M00973_P00948,6.366162
M00973_P00950,6.2226377
M00973_P00951,1.0
M00973_P00959,6.053074
M00973_P00962,1.0
M00974_P00287,1.0
M00974_P00290,6.1141396
M00974_P00291,6.090957
M00974_P00295,6.4977703
M00974_P00297,1.0
M00974_P00298,6.537476
M00974_P00299,6.1227174
M00974_P00304,5.996535
M00974_P00307,6.481405
M00974_P00309,1.0
M00974_P00310,1.0
M00974_P00423,6.9070964
M00974_P00424,1.0
M00974_P00425,6.121445
M00974_P00426,1.0
M00974_P00431,5.803775
M00974_P00436,6.5359807
M00974_P00440,1.0
M00975_P01146,6.095446
M00975_P01157,1.0
M00975_P01166,6.3509536
M00975_P01169,6.055836
M00975_P01223,6.1588197
M00975_P01234,1.0
M00975_P01236,1.0
M00975_P01241,1.0
M00975_P01242,6.0344644
M00976_P01146,1.0
M00976_P01157,1.0
M00976_P01166,6.0358415
M00976_P01169,5.742375
M00976_P01177,6.3331385
M00976_P01182,1.0
M00976_P01184,5.9672875
M00976_P01193,6.0091796
M00976_P01196,1.0
M00977_P00313,1.0
M00977_P00324,6.186705
M00977_P00329,6.128158
M00977_P00333,6.4660797
M00977_P00334,6.7973437
M00977_P00940,5.981389
M00977_P00948,6.403746
M00977_P00950,6.797066
M00977_P00951,6.1410694
M00977_P00959,1.0
M00977_P00962,6.1116166
M00978_P00287,6.4390607
M00978_P00290,5.832626
M00978_P00291,6.012208
M00978_P00295,7.3058357
M00978_P00297,5.8496237
M00978_P00298,1.0
M00978_P00299,5.9366145
M00978_P00304,5.9546437
M00978_P00307,6.1317883
M00978_P00309,1.0
M00978_P00310,6.198915
M00978_P00835,6.2814817
M00978_P00840,5.751453
M00978_P00844,6.1512847
M00978_P00847,1.0
M00978_P00848,1.0
M00978_P00856,1.0
M00979_P00079,6.2033687
M00979_P00082,6.2608566
M00979_P00087,5.884478
M00979_P00097,7.184506
M00979_P00102,6.3174577
M00979_P00391,1.0
M00979_P00399,6.3216834
M00979_P00410,6.4371767
M00979_P00416,6.367174
M00980_P00032,1.0
M00980_P00044,6.8685813
M00980_P00045,6.0835085
M00980_P00050,1.0
M00980_P00052,6.650844
M00980_P00888,1.0
M00980_P00889,5.8009934
M00980_P00893,5.842888
M00980_P00894,6.7725453
M00980_P00895,1.0
M00980_P00901,1.0
M00980_P00909,1.0
M00981_P00549,1.0
M00981_P00552,5.8001227
M00981_P00554,1.0
M00981_P00561,6.977214
M00981_P00562,6.125974
M00981_P00568,6.058334
M00981_P01041,1.0
M00981_P01042,1.0
M00981_P01048,6.2124734
M00981_P01049,7.451582
M00981_P01051,1.0
M00981_P01055,6.106994
M00981_P01063,1.0
M00981_P01064,6.3803062
M00982_P00549,1.0
M00982_P00552,5.986746
M00982_P00554,6.688188
M00982_P00561,1.0
M00982_P00562,6.0144415
M00982_P00568,5.805088
M00982_P01201,1.0
M00982_P01209,6.08846
M00982_P01210,5.9605722
M00982_P01211,1.0
M00982_P01214,5.674753
M00983_P00032,6.1492043
M00983_P00044,6.702661
M00983_P00045,1.0
M00983_P00050,1.0
M00983_P00052,1.0
M00983_P00079,6.327045
M00983_P00082,1.0
M00983_P00087,1.0
M00983_P00097,1.0
M00983_P00102,6.243635
M00984_P00185,6.388653
M00984_P00193,1.0
M00984_P00197,6.1869144
M00984_P00199,6.324398
M00984_P00200,1.0
M00984_P00888,5.904661
M00984_P00889,1.0
M00984_P00893,1.0
M00984_P00894,6.23773
M00984_P00895,6.204458
M00984_P00901,6.8775716
M00984_P00909,6.0990887
M00985_P00611,6.2354226
M00985_P00618,1.0
M00985_P00619,1.0
M00985_P00622,1.0
M00985_P01201,6.3567343
M00985_P01209,6.045058
M00985_P01210,5.8811536
M00985_P01211,7.333551
M00985_P01214,5.7086954
M00986_P00157,5.950383
M00986_P00159,1.0
M00986_P00164,1.0
M00986_P00169,6.3851333
M00986_P00171,1.0
M00986_P00175,6.1639457
M00986_P00965,1.0
M00986_P00966,5.9269633
M00986_P00975,6.9011474
M00986_P00978,1.0
M00986_P00980,1.0
M00986_P00986,1.0
M00987_P00209,1.0
M00987_P00210,6.2643127
M00987_P00211,1.0
M00987_P00219,1.0
M00987_P00221,1.0
M00987_P00222,6.7615843
M00987_P00232,6.208794
M00987_P00234,1.0
M00987_P00529,5.958494
M00987_P00535,6.6033792
M00987_P00536,6.531358
M00987_P00542,1.0
M00987_P00543,1.0
M00988_P00807,5.9808125
M00988_P00812,7.105695
M00988_P00819,5.9051495
M00988_P00826,5.9943
M00988_P00827,6.4193897
M00988_P01041,6.4118476
M00988_P01042,1.0
M00988_P01048,6.4939537
M00988_P01049,7.167485
M00988_P01051,6.25151
M00988_P01055,6.0000315
M00988_P01063,1.0
M00988_P01064,1.0
M00989_P00287,1.0
M00989_P00290,5.7749205
M00989_P00291,6.0770693
M00989_P00295,7.1777244
M00989_P00297,5.9484696
M00989_P00298,1.0
M00989_P00299,5.860264
M00989_P00304,1.0
M00989_P00307,6.3791766
M00989_P00309,6.4028373
M00989_P00310,1.0
M00989_P01201,5.9745703
M00989_P01209,1.0
M00989_P01210,5.5354414
M00989_P01211,1.0
M00989_P01214,1.0
M00990_P00368,6.3693743
M00990_P00372,6.4075937
M00990_P00378,6.1811023
M00990_P00382,1.0
M00990_P00383,6.117423
M00990_P01120,1.0
M00991_P00515,6.140823
M00991_P00625,6.650223
M00991_P00630,5.9096856
M00991_P00632,6.30158
M00991_P00635,1.0
M00991_P00644,1.0
M00991_P00645,6.58236
M00991_P00650,6.3828874
M00992_P00209,5.9931045
M00992_P00210,1.0
M00992_P00211,1.0
M00992_P00219,1.0
M00992_P00221,6.2258277
M00992_P00222,1.0
M00992_P00232,6.1899295
M00992_P00234,6.859132
M00992_P00313,1.0
M00992_P00324,6.44755
M00992_P00329,5.8715386
M00992_P00333,6.1645284
M00992_P00334,6.315313
M00993_P00940,6.2996454
M00993_P00948,6.1707106
M00993_P00950,6.351927
M00993_P00951,6.051252
M00993_P00959,1.0
M00993_P00962,6.7549605
M00993_P01146,1.0
M00993_P01157,6.679774
M00993_P01166,1.0
M00993_P01169,6.160195
M00994_P00287,1.0
M00994_P00290,5.9925504
M00994_P00291,1.0
M00994_P00295,6.914553
M00994_P00297,6.3595347
M00994_P00298,1.0
M00994_P00299,6.026827
M00994_P00304,5.791381
M00994_P00307,1.0
M00994_P00309,6.7852807
M00994_P00310,1.0
M00994_P01020,6.593854
M00994_P01034,5.772789
M00994_P01037,6.1813173
M00994_P01038,6.078105
M00995_P00940,5.880534
M00995_P00948,6.287045
M00995_P00950,1.0
M00995_P00951,6.0964646
M00995_P00959,6.3446865
M00995_P00962,1.0
M00995_P01041,1.0
M00995_P01042,1.0
M00995_P01048,6.115349
M00995_P01049,1.0
M00995_P01051,6.3134704
M00995_P01055,6.030618
M00995_P01063,5.6035533
M00995_P01064,5.8052263
M00996_P00241,1.0
M00996_P00244,5.8599496
M00996_P00245,6.323892
M00996_P00248,1.0
M00996_P00255,6.865136
M00996_P00260,1.0
M00996_P00574,1.0
M00996_P00579,1.0
M00996_P00582,6.7018776
M00996_P00584,6.516827
M00996_P00586,1.0
M00996_P00590,1.0
M00997_P00391,1.0
M00997_P00399,1.0
M00997_P00410,6.162268
M00997_P00416,1.0
M00997_P00611,1.0
M00997_P00618,6.1159916
M00997_P00619,6.2172766
M00997_P00622,6.6005096
M00998_P00136,6.1091986
M00998_P00141,1.0
M00998_P00148,1.0
M00998_P00156,1.0
M00998_P01041,1.0
M00998_P01042,6.431895
M00998_P01048,6.6821375
M00998_P01049,7.0096836
M00998_P01051,6.148633
M00998_P01055,6.1926727
M00998_P01063,5.9281473
M00998_P01064,5.861163
M00999_P00011,6.056796
M00999_P00024,6.2713475
M00999_P00732,6.0412197
M00999_P00738,1.0
M00999_P00742,6.478316
M00999_P00744,1.0
M00999_P00747,6.9684544
M00999_P00753,6.2488427
M01000_P00391,1.0
M01000_P00399,6.1357684
M01000_P00410,1.0
M01000_P00416,6.3272295
M01000_P01177,6.077902
M01000_P01182,6.102766
M01000_P01184,1.0
M01000_P01193,1.0
M01000_P01196,6.5299487
M01001_P00157,6.0099573
M01001_P00159,1.0
M01001_P00164,6.05373
M01001_P00169,5.9194365
M01001_P00171,6.266367
M01001_P00175,6.1182647
M01001_P00423,1.0
M01001_P00424,6.025461
M01001_P00425,6.130525
M01001_P00426,1.0
M01001_P00431,6.0000973
M01001_P00436,1.0
M01001_P00440,6.407499
M01002_P00079,1.0
M01002_P00082,1.0
M01002_P00087,6.0853553
M01002_P00097,6.6618752
M01002_P00102,6.3363395
M01002_P00655,6.370129
M01002_P00662,6.011756
M01002_P00666,6.143569
M01002_P00668,1.0
M01002_P00669,1.0
M01002_P00673,6.4564734
M01002_P00674,5.8976293
M01003_P00266,6.3881207
M01003_P00271,6.447634
M01003_P00278,6.897224
M01003_P00286,1.0
M01003_P00705,6.178134
M01003_P00707,6.4154325
M01003_P00716,6.3705297
M01003_P00718,6.9626975
M01003_P00724,5.782083
M01003_P00728,1.0
M01004_P00574,1.0
M01004_P00579,1.0
M01004_P00582,1.0
M01004_P00584,6.5212502
M01004_P00586,1.0
M01004_P00590,6.690302
M01004_P00922,6.2720227
M01004_P00927,5.9767056
M01004_P00931,1.0
M01004_P00935,6.2818265
M01005_P00782,1.0
M01005_P00786,1.0
M01005_P00788,6.9725413
M01005_P00797,1.0
M01005_P00803,6.2843037
M01005_P00965,5.8634615
M01005_P00966,6.116092
M01005_P00975,6.856444
M01005_P00978,1.0
M01005_P00980,1.0
M01005_P00986,1.0
M01006_P00266,1.0
M01006_P00271,1.0
M01006_P00278,1.0
M01006_P00286,1.0
M01006_P00761,6.1913958
M01006_P00772,5.631049
M01007_P00032,1.0
M01007_P00044,7.058841
M01007_P00045,1.0
M01007_P00050,5.640933
M01007_P00052,6.1671004
M01007_P00478,1.0
M01007_P00479,6.8662386
M01007_P00486,6.199978
M01007_P00491,6.1077995
M01008_P00108,5.9758077
M01008_P00110,1.0
M01008_P00114,6.5563703
M01008_P00124,6.1549845
M01008_P00129,6.043567
M01008_P00157,6.161121
M01008_P00159,1.0
M01008_P00164,1.0
M01008_P00169,1.0
M01008_P00171,6.4315805
M01008_P00175,6.387225
M01009_P00266,1.0
M01009_P00271,6.1825957
M01009_P00278,1.0
M01009_P00286,1.0
M01009_P00625,1.0
M01009_P00630,5.9951878
M01009_P00632,6.473142
M01009_P00635,6.3705015
M01009_P00644,1.0
M01009_P00645,7.054519
M01009_P00650,1.0
M01010_P00136,6.8328676
M01010_P00141,6.957071
M01010_P00148,1.0
M01010_P00156,6.4587607
M01010_P00922,1.0
M01010_P00927,5.584277
M01010_P00931,1.0
M01010_P00935,6.227936
M01011_P00032,6.5543885
M01011_P00044,6.455822
M01011_P00045,6.033853
M01011_P00050,1.0
M01011_P00052,1.0
M01011_P01177,5.967637
M01011_P01182,5.959972
M01011_P01184,6.3114276
M01011_P01193,5.937138
M01011_P01196,6.7293997
M01012_P00705,1.0
M01012_P00707,6.341384
M01012_P00716,6.9391794
M01012_P00718,6.2233734
M01012_P00724,6.055822
M01012_P00728,1.0
M01012_P00991,6.1043606
M01012_P00993,5.9519176
M01012_P00997,5.970888
M01012_P01000,1.0
M01012_P01010,1.0
M01013_P00157,1.0
M01013_P00159,6.188792
M01013_P00164,6.4356523
M01013_P00169,1.0
M01013_P00171,6.3937654
M01013_P00175,6.169073
M01013_P00574,5.9343715
M01013_P00579,1.0
M01013_P00582,1.0
M01013_P00584,6.014495
M01013_P00586,5.828784
M01013_P00590,1.0
M01014_P00678,1.0
M01014_P00679,1.0
M01014_P00680,5.6836553
M01014_P00681,1.0
M01014_P00683,6.108704
M01014_P00694,6.1959243
M01014_P01177,1.0
M01014_P01182,1.0
M01014_P01184,6.287771
M01014_P01193,1.0
M01014_P01196,6.513414
M01015_P00478,6.1556826
M01015_P00479,6.5129905
M01015_P00486,6.1595917
M01015_P00491,6.0684786
M01015_P01099,1.0
M01015_P01107,1.0
M01015_P01108,6.5491447
M01015_P01109,1.0
M01015_P01114,6.210802
M01015_P01118,6.7458086
M01016_P00079,1.0
M01016_P00082,6.601445
M01016_P00087,6.023025
M01016_P00097,6.959223
M01016_P00102,6.322363
M01016_P00157,1.0
M01016_P00159,1.0
M01016_P00164,1.0
M01016_P00169,5.9778314
M01016_P00171,1.0
M01016_P00175,6.2331805
M01017_P00079,6.194495
M01017_P00082,6.3497715
M01017_P00087,1.0
M01017_P00097,6.8436956
M01017_P00102,1.0
M01017_P00241,1.0
M01017_P00244,5.849464
M01017_P00245,6.2641454
M01017_P00248,1.0
M01017_P00255,1.0
M01017_P00260,6.777956
M01018_P00136,6.632584
M01018_P00141,6.8508635
M01018_P00148,6.0222383
M01018_P00156,6.3270135
M01018_P00705,1.0
M01018_P00707,6.256184
M01018_P00716,1.0
M01018_P00718,6.863008
M01018_P00724,6.3278093
M01018_P00728,1.0
M01019_P00157,1.0
M01019_P00159,6.1752768
M01019_P00164,1.0
M01019_P00169,5.9778705
M01019_P00171,6.793393
M01019_P00175,1.0
M01019_P00313,1.0
M01019_P00324,6.3685026
M01019_P00329,1.0
M01019_P00333,6.4324975
M01019_P00334,6.0363083
M01020_P00266,6.3083577
M01020_P00271,1.0
M01020_P00278,7.0363975
M01020_P00286,6.4567165
M01020_P01070,5.9299755
M01020_P01074,1.0
M01020_P01082,1.0
M01021_P00185,1.0
M01021_P00193,6.263754
M01021_P00197,1.0
M01021_P00199,1.0
M01021_P00200,6.0526943
M01021_P00782,1.0
M01021_P00786,6.1873994
M01021_P00788,1.0
M01021_P00797,6.083881
M01021_P00803,1.0
M01022_P00782,6.320898
M01022_P00786,1.0
M01022_P00788,6.8182287
M01022_P00797,6.701927
M01022_P00803,1.0
M01022_P00835,6.309794
M01022_P00840,1.0
M01022_P00844,5.9701486
M01022_P00847,6.033202
M01022_P00848,5.8579206
M01022_P00856,1.0
M01023_P00136,1.0
M01023_P00141,1.0
M01023_P00148,1.0
M01023_P00156,5.757091
M01023_P01099,6.3811793
M01023_P01107,5.879698
M01023_P01108,6.399938
M01023_P01109,1.0
M01023_P01114,1.0
M01023_P01118,6.5019455
M01024_P00287,6.553338
M01024_P00290,6.0197477
M01024_P00291,6.193791
M01024_P00295,6.8210225
M01024_P00297,5.875599
M01024_P00298,6.101799
M01024_P00299,1.0
M01024_P00304,1.0
M01024_P00307,6.222333
M01024_P00309,1.0
M01024_P00310,6.916289
M01024_P00625,1.0
M01024_P00630,6.124445
M01024_P00632,6.0535865
M01024_P00635,6.282601
M01024_P00644,6.8548603
M01024_P00645,1.0
M01024_P00650,1.0
M01025_P00287,1.0
M01025_P00290,1.0
M01025_P00291,5.947451
M01025_P00295,1.0
M01025_P00297,5.8579154
M01025_P00298,5.9575796
M01025_P00299,5.969019
M01025_P00304,5.7901673
M01025_P00307,5.921291
M01025_P00309,1.0
M01025_P00310,1.0
M01025_P00761,6.251375
M01025_P00772,6.3193645
M01026_P00732,5.9232326
M01026_P00738,5.97193
M01026_P00742,6.0681853
M01026_P00744,1.0
M01026_P00747,1.0
M01026_P00753,1.0
M01026_P00782,1.0
M01026_P00786,5.9510455
M01026_P00788,1.0
M01026_P00797,6.3198
M01026_P00803,1.0
M01027_P00443,1.0
M01027_P00448,6.2804685
M01027_P00452,6.089162
M01027_P00462,6.406127
M01027_P00463,1.0
M01027_P00465,6.6418586
M01027_P00468,6.1704545
M01027_P00965,6.002432
M01027_P00966,1.0
M01027_P00975,6.6943665
M01027_P00978,7.2143087
M01027_P00980,1.0
M01027_P00986,7.0762224
M01028_P01099,1.0
M01028_P01107,1.0
M01028_P01108,6.732266
M01028_P01109,6.7120104
M01028_P01114,1.0
M01028_P01118,1.0
M01028_P01146,1.0
M01028_P01157,1.0
M01028_P01166,5.7707567
M01028_P01169,1.0
M01029_P00574,1.0
M01029_P00579,6.2302623
M01029_P00582,1.0
M01029_P00584,6.5029025
M01029_P00586,6.128539
M01029_P00590,7.2518573
M01029_P01099,6.2259216
M01029_P01107,6.01063
M01029_P01108,6.8050623
M01029_P01109,1.0
M01029_P01114,1.0
M01029_P01118,5.919496
M01030_P00368,5.8054857
M01030_P00372,6.7738595
M01030_P00378,1.0
M01030_P00382,5.652739
M01030_P00383,5.857139
M01030_P00965,1.0
M01030_P00966,1.0
M01030_P00975,7.1198726
M01030_P00978,1.0
M01030_P00980,6.640258
M01030_P00986,7.147535
M01031_P00625,1.0
M01031_P00630,6.1676035
M01031_P00632,1.0
M01031_P00635,6.594635
M01031_P00644,6.359762
M01031_P00645,6.5652933
M01031_P00650,1.0
M01031_P00888,1.0
M01031_P00889,5.854598
M01031_P00893,5.8222117
M01031_P00894,6.176879
M01031_P00895,6.1376586
M01031_P00901,1.0
M01031_P00909,1.0
M01032_P00391,1.0
M01032_P00399,1.0
M01032_P00410,6.7605233
M01032_P00416,6.4476686
M01032_P00940,6.078339
M01032_P00948,6.493787
M01032_P00950,5.9634347
M01032_P00951,1.0
M01032_P00959,1.0
M01032_P00962,1.0
M01033_P00136,1.0
M01033_P00141,1.0
M01033_P00148,6.1755776
M01033_P00156,6.605279
M01033_P00678,1.0
M01033_P00679,6.448151
M01033_P00680,1.0
M01033_P00681,6.147667
M01033_P00683,6.620937
M01033_P00694,6.5249233
M01034_P00835,1.0
M01034_P00840,5.7660856
M01034_P00844,1.0
M01034_P00847,5.6433015
M01034_P00848,6.2515297
M01034_P00856,6.4408746
M01034_P00965,5.8143053
M01034_P00966,1.0
M01034_P00975,6.6637545
M01034_P00978,7.1025376
M01034_P00980,5.991926
M01034_P00986,1.0
M01035_P00185,1.0
M01035_P00193,1.0
M01035_P00197,1.0
M01035_P00199,6.0078034
M01035_P00200,6.3781433
M01035_P00761,6.0162873
M01035_P00772,1.0
M01036_P00313,6.4697676
M01036_P00324,6.5865006
M01036_P00329,6.1132236
M01036_P00333,1.0
M01036_P00334,1.0
M01036_P00345,1.0
M01036_P00347,6.235248
M01036_P00351,1.0
M01036_P00353,1.0
M01036_P00359,1.0
M01036_P00362,6.0745
M01037_P00136,1.0
M01037_P00141,7.360132
M01037_P00148,5.9492564
M01037_P00156,6.139909
M01037_P00705,1.0
M01037_P00707,6.373441
M01037_P00716,1.0
M01037_P00718,7.196431
M01037_P00724,1.0
M01037_P00728,1.0
M01038_P00313,6.0811954
M01038_P00324,1.0
M01038_P00329,5.6880097
M01038_P00333,6.3926234
M01038_P00334,6.037668
M01038_P01070,6.0665936
M01038_P01074,6.71325
M01038_P01082,5.9911957
M01039_P00529,6.0194836
M01039_P00535,6.015382
M01039_P00536,5.9266996
M01039_P00542,6.201887
M01039_P00543,1.0
M01039_P01223,1.0
M01039_P01234,1.0
M01039_P01236,1.0
M01039_P01241,6.1456127
M01039_P01242,5.8217745
M01040_P00625,1.0
M01040_P00630,5.9539666
M01040_P00632,1.0
M01040_P00635,6.8222647
M01040_P00644,6.655379
M01040_P00645,6.696027
M01040_P00650,6.6040106
M01040_P00940,1.0
M01040_P00948,6.0140185
M01040_P00950,6.4991355
M01040_P00951,1.0
M01040_P00959,5.7256193
M01040_P00962,6.923927
M01041_P00443,6.740464
M01041_P00448,5.979635
M01041_P00452,5.92273
M01041_P00462,6.7441583
M01041_P00463,7.3280845
M01041_P00465,1.0
M01041_P00468,1.0
M01041_P00888,1.0
M01041_P00889,1.0
M01041_P00893,6.455139
M01041_P00894,1.0
M01041_P00895,1.0
M01041_P00901,6.4967628
M01041_P00909,1.0
M01042_P01020,1.0
M01042_P01034,1.0
M01042_P01037,6.0948076
M01042_P01038,1.0
M01042_P01146,1.0
M01042_P01157,1.0
M01042_P01166,1.0
M01042_P01169,1.0
M01043_P00185,6.339262
M01043_P00193,1.0
M01043_P00197,5.9582872
M01043_P00199,5.7620587
M01043_P00200,1.0
M01043_P00705,6.3456964
M01043_P00707,1.0
M01043_P00716,6.4054403
M01043_P00718,1.0
M01043_P00724,1.0
M01043_P00728,6.586791
M01044_P00940,6.124143
M01044_P00948,6.1942573
M01044_P00950,6.3010826
M01044_P00951,1.0
M01044_P00959,1.0
M01044_P00962,6.900963
M01044_P00991,1.0
M01044_P00993,6.004086
M01044_P00997,5.9246945
M01044_P01000,1.0
M01044_P01010,6.2124295
M01045_P00157,6.057756
M01045_P00159,1.0
M01045_P00164,6.1196036
M01045_P00169,5.9180636
M01045_P00171,1.0
M01045_P00175,6.1722784
M01045_P00965,6.134973
M01045_P00966,5.9772716
M01045_P00975,1.0
M01045_P00978,6.7443256
M01045_P00980,1.0
M01045_P00986,1.0
M01046_P00478,6.4383483
M01046_P00479,6.735136
M01046_P00486,6.7520304
M01046_P00491,1.0
M01046_P00922,5.877544
M01046_P00927,6.0305605
M01046_P00931,5.7762895
M01046_P00935,6.2774706
M01047_P00423,6.64704
M01047_P00424,5.987552
M01047_P00425,1.0
M01047_P00426,1.0
M01047_P00431,6.127216
M01047_P00436,6.172032
M01047_P00440,5.9835076
M01047_P00655,6.3664203
M01047_P00662,6.15271
M01047_P00666,6.1857314
M01047_P00668,1.0
M01047_P00669,6.689171
M01047_P00673,6.889559
M01047_P00674,6.343601
M01048_P00940,6.1454043
M01048_P00948,1.0
M01048_P00950,6.721985
M01048_P00951,1.0
M01048_P00959,1.0
M01048_P00962,6.633755
M01048_P01020,7.184012
M01048_P01034,5.969704
M01048_P01037,1.0
M01048_P01038,6.053776
M01049_P00287,1.0
M01049_P00290,1.0
M01049_P00291,5.8557854
M01049_P00295,1.0
M01049_P00297,5.746025
M01049_P00298,5.9136124
M01049_P00299,6.032329
M01049_P00304,5.965336
M01049_P00307,6.484267
M01049_P00309,1.0
M01049_P00310,5.8763404
M01049_P00478,1.0
M01049_P00479,6.913651
M01049_P00486,1.0
M01049_P00491,5.8827887
M01050_P00991,1.0
M01050_P00993,5.9145327
M01050_P00997,6.2073936
M01050_P01000,6.5559497
M01050_P01010,6.557224
M01050_P01020,6.4101
M01050_P01034,1.0
M01050_P01037,5.9401546
M01050_P01038,1.0
